,cust_id,income,age,years_with_bank,nbr_children,marital_status,state_code,savings_acct,sv_balance,num_of_accts,t_tot_count,t_tot_avg,t_tot_sum,t_m_av_count,t_m_av_amt,cr_limit,cr_rating,cr_acct,cr_balance,F ,M 
0,1362487,6605,71,1,0,2,CA  ,0.0,0.0,3.0,34.333333333333336,36.04120487516869,1184.3733333333332,3.1178451178451176,108.49071548821549,3000.0,0.0,1,1548.23,0,1
1,1363160,18548,38,8,0,1,CA  ,1.0,122.54,2.0,58.0,2.893296568627451,194.76500000000001,4.833333333333334,16.23041666666667,1000.0,0.0,1,286.69,1,0
2,1362752,47668,54,3,0,1,CA  ,1.0,609.33,3.0,40.0,51.99853942652329,643.93,3.9166666666666665,147.25277777777774,0.0,0.0,0,0.0,1,0
3,1362548,44554,59,9,2,4,NY  ,1.0,254.02,3.0,44.333333333333336,87.5222895622896,515.4466666666677,4.555555555555555,223.0424242424243,6700.0,0.0,1,68.68,1,0
4,1363017,0,16,1,0,1,CA  ,0.0,0.0,3.0,62.0,1.271352212602217,871.1766666666666,5.636363636363636,79.19787878787878,1000.0,0.0,1,1000.0,0,1
5,1362609,1929,79,8,0,2,HI  ,1.0,49.39,3.0,58.0,22.81878842185294,1376.74,4.833333333333333,114.72833333333331,3000.0,0.0,1,3000.0,1,0
6,1363486,39942,41,1,5,4,HI  ,0.0,0.0,1.0,38.0,0.0,0.0,9.5,0.0,2000.0,10.0,1,0.0,1,0
7,1363078,9622,46,6,1,2,HI  ,1.0,596.38,3.0,58.333333333333336,14.328563014763011,549.9733333333332,5.388888888888888,52.79430303030304,3000.0,0.0,1,1147.07,0,1
8,1363282,25829,29,8,0,1,DC  ,0.0,0.0,2.0,63.5,2.9129090354090357,119.88999999999996,5.428030303030303,10.710757575757581,1300.0,0.0,1,272.69,1,0
9,1363343,0,15,0,0,1,TX  ,1.0,2007.65,1.0,41.0,34.241951219512195,1403.92,3.4166666666666665,116.99333333333335,0.0,0.0,0,0.0,0,1
10,1362670,8877,26,5,0,1,CA  ,0.0,0.0,1.0,99.0,26.159898989898995,2589.8300000000004,8.25,215.81916666666666,0.0,0.0,0,0.0,1,0
11,1363465,10516,41,1,1,4,CA  ,1.0,590.92,2.0,37.5,6.9923015873015775,477.57499999999936,3.125,39.79791666666664,0.0,0.0,0,0.0,0,1
12,1363404,0,17,2,0,1,OH  ,1.0,550.73,2.0,66.0,9.462626262626264,500.3600000000001,5.875,43.83409090909092,0.0,0.0,0,0.0,0,1
13,1362588,6354,66,6,0,2,WA  ,1.0,9.71,3.0,62.0,6.374169472502807,326.82,5.416666666666667,27.802676767676797,1000.0,0.0,1,1000.0,0,1
14,1363200,21015,18,3,0,1,CA  ,1.0,1357.19,3.0,59.0,5.4504231747814496,281.00999999999993,5.9520202020202015,41.12202020202024,1100.0,3.0,1,254.56,0,1
15,1362853,26505,50,0,1,2,NJ  ,1.0,1025.23,3.0,48.333333333333336,18.283498605098607,905.7000000000003,4.2592592592592595,85.2076851851852,1300.0,0.0,1,1073.95,1,0
16,1363261,19494,46,6,0,1,NY  ,0.0,0.0,3.0,62.333333333333336,17.59403198653198,1265.7499999999993,5.835353535353536,120.78502020202022,1000.0,0.0,1,1000.0,1,0
17,1363179,19334,42,2,2,4,IL  ,0.0,0.0,1.0,99.0,25.980505050505048,2572.0699999999997,8.25,214.33916666666667,0.0,0.0,0,0.0,1,0
18,1363057,6493,74,4,0,2,NY  ,1.0,1385.03,2.0,42.5,13.533100358422942,387.5050000000001,3.746212121212121,31.72253787878788,1000.0,0.0,1,938.43,1,0
19,1363444,3171,22,1,1,2,CA  ,0.0,0.0,2.0,79.5,8.556755050505046,532.5349999999997,7.0,44.745795454545465,1000.0,0.0,1,1000.0,1,0
20,1362649,8976,28,7,1,2,NY  ,0.0,0.0,2.0,91.5,5.021313131313132,429.6850000000001,8.45,36.67549999999999,1000.0,0.0,1,1000.0,1,0
21,1362567,30664,56,6,1,2,CA  ,1.0,5143.26,1.0,57.0,32.081929824561406,1828.6700000000003,4.75,152.38916666666668,0.0,0.0,0,0.0,1,0
22,1363383,21751,64,4,0,2,CO  ,0.0,0.0,1.0,82.0,13.354024390243902,1095.03,6.833333333333333,91.2525,1100.0,7.0,1,0.0,0,1
23,1363036,24326,60,0,0,2,WI  ,0.0,0.0,2.0,74.5,28.073124242424242,2210.56,7.222727272727273,215.7806818181818,1200.0,0.0,1,1200.0,1,0
24,1362506,76087,52,2,1,2,CA  ,0.0,0.0,1.0,30.0,140.55099999999996,4216.529999999999,2.727272727272727,383.3209090909091,11400.0,0.0,1,4216.53,0,1
25,1362832,56597,31,1,2,2,MI  ,0.0,0.0,2.0,64.0,150.51652211772904,4642.515,5.736111111111111,504.93180555555557,8500.0,0.0,1,8500.0,1,0
26,1362975,36330,46,6,1,2,NB  ,0.0,0.0,2.0,62.5,1.4747065888812545,54.049999999999336,5.681818181818182,4.913636363636319,1800.0,0.0,1,525.5,0,1
27,1363301,39991,40,0,0,1,AZ  ,1.0,417.32,2.0,66.0,25.01398989898989,2601.2149999999997,6.875,290.7576388888888,0.0,0.0,0,0.0,1,0
28,1362771,24344,32,2,2,2,IL  ,1.0,2361.62,3.0,72.0,17.970655723905722,720.4366666666665,6.916666666666667,59.84962962962959,1200.0,0.0,1,1200.0,1,0
29,1362893,0,15,7,0,1,OR  ,1.0,976.43,1.0,22.0,31.175454545454556,685.8600000000002,1.8333333333333333,57.155,0.0,0.0,0,0.0,0,1
30,1363097,21663,54,4,1,2,HI  ,1.0,10.28,3.0,56.666666666666664,5.08613586848881,178.41333333333327,4.722222222222222,14.867777777777777,1100.0,0.0,1,1100.0,1,0
31,1363158,13148,48,8,0,1,OH  ,1.0,1917.72,3.0,26.333333333333332,13.484634680134684,50.6433333333332,2.5277777777777777,3.6244444444444404,1000.0,7.0,1,121.67,0,1
32,1362485,22690,25,4,0,1,NY  ,0.0,0.0,2.0,85.5,6.116066919191917,462.7599999999999,7.95,39.93241666666664,1100.0,0.0,1,1100.0,1,0
33,1362546,10025,35,5,0,2,NY  ,1.0,991.01,3.0,69.66666666666667,6.965109982609984,192.15666666666655,5.805555555555556,16.013055555555553,3000.0,0.0,1,1292.63,1,0
34,1362954,43317,30,0,3,2,CA  ,0.0,0.0,2.0,71.5,40.20843434343435,3214.3100000000004,5.958333333333333,267.85916666666674,6500.0,0.0,1,1226.12,1,0
35,1363015,24545,52,2,1,2,CA  ,1.0,385.97,2.0,55.5,0.11601010101010237,32.36500000000014,4.625,2.697083333333318,0.0,0.0,0,0.0,1,0
36,1363219,18036,36,6,2,2,NY  ,0.0,0.0,2.0,82.0,27.31294638694639,2513.4300000000003,6.833333333333334,209.4525,1000.0,0.0,1,1000.0,1,0
37,1363484,10244,52,2,0,1,MN  ,0.0,0.0,2.0,69.0,5.918885003885003,948.3849999999999,6.45,84.0752727272727,1000.0,0.0,1,408.08,1,0
38,1362811,8011,82,2,0,2,PA  ,0.0,0.0,2.0,84.0,18.035566534914356,1596.1449999999995,7.375,141.80435606060604,1000.0,0.0,1,1000.0,1,0
39,1362607,24450,44,4,1,2,WA  ,0.0,0.0,2.0,81.5,7.780975378787886,475.8900000000005,8.40909090909091,42.000303030303,3700.0,0.0,1,903.36,0,1
40,1363280,7571,23,2,1,4,TN  ,1.0,1706.87,3.0,68.33333333333333,11.465132756132753,303.5599999999999,5.694444444444444,25.296666666666663,1000.0,0.0,1,1000.0,1,0
41,1362872,17099,47,7,2,3,CA  ,0.0,0.0,1.0,68.0,9.44161764705882,642.0299999999997,5.666666666666667,53.5025,1000.0,0.0,1,1000.0,1,0
42,1363076,47083,43,3,1,2,NY  ,0.0,0.0,2.0,69.5,73.53822095959598,2687.805000000001,5.943181818181818,247.5712121212121,7100.0,0.0,1,770.56,1,0
43,1362729,0,13,5,0,1,NY  ,1.0,122.21,1.0,12.0,0.14999999999999997,1.7999999999999996,1.0,0.14999999999999997,0.0,0.0,0,0.0,0,1
44,1362668,0,13,5,0,1,CA  ,1.0,1470.67,1.0,40.0,31.418999999999993,1256.7599999999998,3.3333333333333335,104.72999999999998,0.0,0.0,0,0.0,0,1
45,1362933,19823,55,5,1,2,OR  ,1.0,17.18,3.0,53.666666666666664,4.023631788265937,66.38333333333351,4.575757575757575,5.642196969696961,1000.0,0.0,1,899.08,0,1
46,1362586,24476,46,6,0,1,VA  ,0.0,0.0,2.0,77.5,17.213041125541128,943.5900000000003,27.083333333333332,59.119999999999976,3700.0,0.0,1,3700.0,1,0
47,1363402,24368,63,3,0,1,NY  ,0.0,0.0,2.0,68.0,15.197837837837831,1590.8999999999996,5.666666666666667,132.57500000000005,1200.0,0.0,1,1200.0,1,0
48,1362525,6300,77,7,0,1,IL  ,1.0,313.46,3.0,78.66666666666667,6.349667422524562,607.1066666666665,6.5555555555555545,50.592222222222226,3000.0,0.0,1,1051.01,1,0
49,1362851,51608,39,4,0,1,TX  ,0.0,0.0,1.0,99.0,64.88838383838387,6423.9500000000035,8.25,535.3291666666667,0.0,0.0,0,0.0,0,1
50,1363259,7335,28,7,1,2,CA  ,0.0,0.0,1.0,55.0,0.9396363636363617,51.67999999999989,4.583333333333333,4.306666666666653,1000.0,0.0,1,334.29,0,1
51,1362912,29064,35,5,3,2,NY  ,0.0,0.0,2.0,67.5,0.4846969696969735,68.70500000000025,7.0,7.962777777777745,1500.0,0.0,1,1500.0,0,1
52,1362708,15246,29,4,0,1,NY  ,1.0,3821.12,3.0,58.333333333333336,15.228251683501682,577.8933333333333,4.861111111111112,48.15777777777777,1000.0,0.0,1,1000.0,0,1
53,1362973,17242,60,0,0,1,PA  ,1.0,2570.3,3.0,57.666666666666664,7.287162426991,772.6566666666668,4.805555555555555,64.38805555555557,3000.0,0.0,1,734.81,1,0
54,1363442,144157,58,5,0,2,TX  ,0.0,0.0,1.0,99.0,7.03434343434336,696.3999999999927,8.25,58.03333333333344,0.0,0.0,0,0.0,0,1
55,1362769,27885,34,3,0,1,CA  ,0.0,0.0,1.0,42.0,13.168809523809504,553.0899999999991,3.8181818181818183,50.280909090909105,1400.0,0.0,1,553.09,1,0
56,1362565,27492,49,9,0,1,CA  ,1.0,941.16,3.0,58.666666666666664,11.909461279461283,1777.91,4.888888888888888,148.15916666666672,1400.0,0.0,1,1358.19,1,0
57,1363238,5788,35,5,2,2,TX  ,1.0,192.39,1.0,12.0,0.24000000000000007,2.880000000000001,1.0,0.24000000000000007,0.0,0.0,0,0.0,1,0
58,1362891,0,15,7,0,1,OR  ,1.0,1743.57,1.0,22.0,44.37363636363636,976.2199999999998,1.8333333333333333,81.35166666666665,0.0,0.0,0,0.0,1,0
59,1362830,10933,18,3,0,1,PA  ,1.0,35.68,3.0,52.0,3.6426535626535608,278.53000000000003,4.4267676767676765,24.785606060606067,1000.0,0.0,1,88.21,1,0
60,1363217,15724,41,1,0,1,CA  ,0.0,0.0,2.0,88.5,14.620712898212892,1410.6749999999993,7.375,117.55625000000002,3000.0,0.0,1,944.16,1,0
61,1363013,4435,65,5,0,2,NY  ,0.0,0.0,2.0,95.0,1.769383394383398,171.80500000000035,9.291666666666666,18.026527777777765,1000.0,0.0,1,1000.0,1,0
62,1363095,12396,60,0,0,2,NY  ,1.0,868.08,2.0,54.5,28.167511291779583,1114.26,5.225,101.64483333333331,0.0,0.0,0,0.0,1,0
63,1363482,9129,66,6,0,2,CO  ,1.0,486.4,2.0,43.0,31.005371640937685,1532.8150000000003,3.784090909090909,137.96594696969697,0.0,0.0,0,0.0,0,1
64,1362687,7431,37,7,1,2,OR  ,1.0,1111.42,3.0,56.0,2.1165073815073767,39.13333333333293,5.015151515151515,2.1821969696969887,1000.0,0.0,1,481.97,1,0
65,1362605,16957,34,4,0,2,TN  ,1.0,611.94,3.0,42.333333333333336,3.2003059395801325,160.95666666666656,3.527777777777778,13.413055555555552,1000.0,0.0,1,1000.0,1,0
66,1362952,7633,53,3,0,2,WA  ,0.0,0.0,3.0,37.333333333333336,14.931231934731933,588.8133333333332,3.4722222222222228,55.10414141414142,3000.0,0.0,1,782.77,1,0
67,1363339,0,14,6,0,1,CA  ,1.0,522.48,1.0,44.0,7.729318181818183,340.09000000000003,3.6666666666666665,28.340833333333332,0.0,0.0,0,0.0,1,0
68,1363421,1982,28,7,0,1,CA  ,1.0,197.64,3.0,63.333333333333336,6.225022319973934,147.65333333333325,5.527777777777778,7.996414141414124,3000.0,0.0,1,814.67,0,1
69,1362727,81509,41,1,1,2,NY  ,1.0,9132.52,3.0,45.666666666666664,52.780777000776986,1183.0733333333328,4.716666666666667,150.6209444444444,0.0,0.0,0,0.0,1,0
70,1362809,25180,56,6,1,3,IN  ,1.0,274.83,3.0,39.0,134.1764646464646,167.2233333333333,3.483333333333333,112.58549999999997,3800.0,0.0,1,0.0,1,0
71,1363196,35502,42,2,0,1,CA  ,0.0,0.0,2.0,98.0,1.175801832760602,113.3950000000006,8.541666666666668,9.202916666666656,1800.0,0.0,1,1800.0,1,0
72,1362666,0,15,7,0,1,CA  ,1.0,300.42,1.0,22.0,12.37681818181818,272.28999999999996,1.8333333333333333,22.690833333333334,0.0,0.0,0,0.0,1,0
73,1363461,23108,69,9,0,2,MN  ,0.0,0.0,2.0,89.0,9.357596215317733,933.2399999999998,7.715909090909091,77.56537878787876,3500.0,0.0,1,1610.7,1,0
74,1363135,18350,38,5,2,2,CA  ,0.0,0.0,2.0,18.0,48.46370967741937,1484.9550000000002,1.9090909090909092,135.36136363636362,3000.0,0.0,1,247.32,1,0
75,1362584,12885,61,1,0,2,IL  ,1.0,1999.37,3.0,53.0,10.54047541782836,378.1899999999999,4.605555555555555,37.0457222222222,1000.0,0.0,1,1000.0,1,0
76,1362931,39704,53,3,1,2,CA  ,0.0,0.0,1.0,99.0,49.27646464646466,4878.370000000002,9.0,443.4881818181819,0.0,0.0,0,0.0,1,0
77,1363053,55061,30,0,0,1,MD  ,0.0,0.0,1.0,18.0,51.00500000000001,918.0900000000001,1.5,76.5075,2800.0,0.0,1,918.09,0,1
78,1363400,49258,49,9,0,2,NY  ,1.0,137.85,3.0,78.66666666666667,7.562771084610703,795.5933333333331,7.472222222222222,80.4098148148148,7400.0,9.0,1,2186.72,1,0
79,1363318,7751,41,1,2,4,TX  ,0.0,0.0,1.0,99.0,0.12969696969696987,12.840000000000018,9.9,1.2840000000000316,0.0,0.0,0,0.0,1,0
80,1362523,0,13,5,0,1,CA  ,1.0,127.38,1.0,26.0,5.185769230769228,134.82999999999993,2.1666666666666665,11.235833333333334,0.0,0.0,0,0.0,1,0
81,1362992,24534,40,0,0,1,AZ  ,0.0,0.0,1.0,99.0,2.6907070707070697,266.3799999999999,9.0,24.216363636363635,0.0,0.0,0,0.0,1,0
82,1363175,0,16,1,0,1,CA  ,0.0,0.0,2.0,93.5,4.327954545454545,362.6949999999999,8.616666666666667,27.49983333333336,5000.0,0.0,1,1148.45,1,0
83,1363257,31910,44,4,0,1,NY  ,1.0,1209.67,2.0,59.5,7.034503444316876,606.43,4.958333333333333,50.53583333333334,4800.0,7.0,1,2275.24,0,1
84,1362767,0,17,2,0,1,IL  ,1.0,1098.48,3.0,57.0,8.56361299730865,175.69666666666674,5.116161616161616,13.897500000000003,1000.0,0.0,1,290.54,1,0
85,1362849,22001,44,4,0,1,TN  ,0.0,0.0,2.0,86.5,2.902020202020206,193.3000000000003,8.033333333333333,14.692666666666705,1100.0,0.0,1,515.69,1,0
86,1362563,14711,73,3,0,2,IL  ,0.0,0.0,2.0,63.0,20.845303030303043,757.5250000000007,6.7272727272727275,74.27429292929298,1000.0,0.0,1,1000.0,0,1
87,1362645,57194,31,1,3,4,CA  ,0.0,0.0,2.0,68.5,33.80621079213185,1484.5250000000003,6.083333333333333,126.1680681818182,0.0,0.0,0,0.0,0,1
88,1362624,28867,77,7,0,2,TX  ,1.0,1028.01,2.0,37.5,5.634466248037675,17.40000000000009,3.125,1.4499999999999815,1400.0,0.0,1,1400.0,1,0
89,1362502,15530,57,7,2,2,CA  ,1.0,697.68,1.0,22.0,21.361363636363635,469.95,1.8333333333333333,39.162499999999994,0.0,0.0,0,0.0,0,1
90,1362971,31040,60,0,0,2,WA  ,0.0,0.0,2.0,64.5,40.25919696969697,2316.1250000000005,5.625,205.1085,1600.0,0.0,1,1600.0,1,0
91,1362746,8810,35,5,2,2,LA  ,1.0,2946.92,3.0,65.66666666666667,6.914864542864543,212.80666666666673,5.722222222222222,17.38939393939394,1000.0,0.0,1,1000.0,1,0
92,1363236,23206,64,4,0,3,CA  ,1.0,1067.7,3.0,87.66666666666667,8.520244464018043,779.7666666666661,7.555555555555556,57.594570707070744,5800.0,0.0,1,1555.34,0,1
93,1363215,57723,57,7,1,4,NY  ,1.0,2689.95,3.0,30.666666666666668,45.292923076923095,2037.8600000000006,2.5555555555555554,169.82166666666672,8700.0,0.0,1,2089.45,0,1
94,1362828,3994,87,7,0,2,NY  ,0.0,0.0,1.0,30.0,23.069999999999997,692.0999999999999,2.727272727272727,62.91818181818181,1000.0,0.0,1,1000.0,0,1
95,1363011,90248,55,5,0,4,NY  ,1.0,1387.58,3.0,64.66666666666667,15.892370731120721,2487.1233333333325,5.388888888888889,207.26027777777776,0.0,0.0,0,0.0,0,1
96,1363297,9351,46,6,0,1,AZ  ,0.0,0.0,2.0,71.5,7.056856060606055,230.35999999999984,6.125,22.034659090909074,1000.0,0.0,1,67.82,1,0
97,1363480,8038,22,1,0,1,MD  ,0.0,0.0,1.0,99.0,20.590101010101012,2038.4200000000003,9.0,185.31090909090912,0.0,0.0,0,0.0,1,0
98,1363093,1039,79,9,0,2,MN  ,0.0,0.0,3.0,53.0,5.469006132756135,51.89999999999998,4.903030303030303,4.150030303030313,1000.0,0.0,1,1000.0,0,1
99,1362685,34080,49,2,0,1,TX  ,1.0,1735.39,3.0,55.0,9.540266141085644,105.47999999999956,4.686868686868687,5.885530303030308,1700.0,0.0,1,1208.1,1,0
100,1362868,14877,33,3,3,2,IL  ,0.0,0.0,2.0,75.5,0.7394298756798803,43.13499999999968,6.725,1.44933333333333,1000.0,0.0,1,1000.0,1,0
101,1363154,2925,29,8,2,4,CA  ,0.0,0.0,1.0,99.0,1.1095959595959586,109.84999999999991,9.0,9.986363636363622,0.0,0.0,0,0.0,1,0
102,1363337,84335,43,3,4,4,CA  ,1.0,7766.05,2.0,69.5,53.495710858585895,39.419999999997344,6.166666666666667,30.987310606060646,0.0,0.0,0,0.0,1,0
103,1362950,11935,60,0,0,2,KY  ,1.0,1545.22,3.0,12.333333333333334,10.266063492063497,241.96333333333337,1.6309523809523807,16.753492063492065,3000.0,3.0,1,162.95,1,0
104,1362929,83295,58,8,1,4,TX  ,1.0,1535.83,3.0,56.0,37.60251683501685,1574.456666666667,5.0,168.54703703703703,4200.0,0.0,1,4200.0,0,1
105,1362542,43900,36,6,2,2,NY  ,1.0,1654.74,3.0,30.666666666666668,53.198391388485724,145.23999999999964,3.05050505050505,67.47487373737373,0.0,0.0,0,0.0,1,0
106,1362725,68933,52,2,1,3,MO  ,1.0,16095.5,3.0,54.0,46.562609016999254,2304.7166666666667,4.5,192.05972222222223,10300.0,0.0,1,1939.63,0,1
107,1363276,16422,32,2,3,2,MO  ,1.0,2037.38,1.0,44.0,27.912954545454554,1228.1700000000003,3.6666666666666665,102.34750000000001,0.0,0.0,0,0.0,0,1
108,1363194,24275,55,5,1,3,MO  ,0.0,0.0,2.0,15.0,99.99932126696831,1662.2699999999998,1.875,207.78375,0.0,0.0,0,0.0,1,0
109,1362664,30676,46,4,5,4,CA  ,0.0,0.0,2.0,68.0,21.227753207753217,1241.750000000001,5.666666666666667,103.47916666666671,4600.0,0.0,1,1052.38,0,1
110,1363133,12823,66,6,0,1,OK  ,1.0,1082.35,3.0,21.0,559.4934301200154,305.5766666666666,2.0555555555555554,537.5422222222222,3000.0,0.0,1,0.0,1,0
111,1362643,6356,18,3,0,1,NY  ,0.0,0.0,3.0,31.666666666666668,6.754552894675661,357.2333333333332,3.513888888888889,2.8413888888888814,0.0,0.0,0,0.0,1,0
112,1363398,13811,50,0,0,3,NB  ,0.0,0.0,2.0,62.5,29.755675990676007,1689.145000000001,5.208333333333333,140.76208333333335,1000.0,0.0,1,1000.0,1,0
113,1363377,5488,33,3,3,2,CA  ,1.0,1782.06,3.0,62.666666666666664,4.441803577441079,629.7333333333332,5.222222222222222,52.47777777777777,3000.0,0.0,1,844.08,1,0
114,1362990,0,16,1,0,1,TX  ,1.0,1113.07,3.0,74.66666666666667,3.2137319733064458,615.516666666667,6.472222222222222,56.84674242424243,3000.0,0.0,1,1426.93,1,0
115,1363173,27649,58,8,1,2,CA  ,0.0,0.0,3.0,53.333333333333336,16.781232924482925,490.15333333333336,5.462121212121212,43.04907407407406,1400.0,0.0,1,1400.0,0,1
116,1363459,11944,40,0,1,2,OR  ,0.0,0.0,1.0,29.0,103.41827586206894,2999.129999999999,3.2222222222222223,333.2366666666667,3000.0,0.0,1,3000.0,0,1
117,1362765,2769,18,3,0,1,CA  ,0.0,0.0,3.0,65.0,9.698620363256984,222.82999999999984,6.111111111111112,15.045000000000007,1000.0,0.0,1,999.18,1,0
118,1363255,17559,51,1,0,2,CA  ,0.0,0.0,1.0,99.0,2.440505050505052,241.61000000000016,11.0,26.84555555555553,0.0,0.0,0,0.0,1,0
119,1363234,12202,79,9,0,2,TN  ,1.0,918.39,3.0,55.0,14.136472462722466,853.2533333333337,4.972222222222222,98.88222222222221,3000.0,0.0,1,3000.0,0,1
120,1363316,18144,28,5,0,1,KY  ,1.0,629.06,3.0,49.333333333333336,6.748829966329967,353.1066666666666,4.111111111111112,29.425555555555558,1000.0,0.0,1,1000.0,1,0
121,1362622,34797,69,9,0,1,CA  ,1.0,13404.16,3.0,58.666666666666664,46.3886791477184,779.3599999999997,5.005050505050505,69.91866161616161,0.0,0.0,0,0.0,0,1
122,1363112,13295,38,8,3,2,CA  ,0.0,0.0,2.0,54.0,40.69651515151515,394.49500000000035,4.767857142857143,6.5445238095238025,1000.0,0.0,1,0.0,1,0
123,1363091,0,15,0,0,1,TX  ,1.0,2338.68,1.0,12.0,2.9,34.8,1.0,2.9000000000000004,0.0,0.0,0,0.0,0,1
124,1362500,56708,40,0,0,1,TX  ,1.0,335.99,2.0,15.0,16.54180555555555,296.4999999999999,2.0,49.20791666666666,0.0,0.0,0,0.0,0,1
125,1362887,79057,57,6,0,3,TN  ,0.0,0.0,2.0,61.5,81.74251893939395,2356.524999999999,5.590909090909091,214.22954545454542,0.0,0.0,0,0.0,0,1
126,1362969,75121,58,8,0,4,IL  ,1.0,5792.74,2.0,48.5,39.83893920068025,1902.8449999999991,4.041666666666666,158.57041666666672,3800.0,0.0,1,3800.0,1,0
127,1363356,12258,39,9,3,2,CA  ,1.0,148.06,3.0,61.333333333333336,13.373956228956226,1091.4599999999996,5.111111111111111,90.95499999999997,1000.0,0.0,1,1000.0,1,0
128,1363438,2644,23,2,1,2,TX  ,1.0,95.3,3.0,60.0,2.252818681438035,143.99333333333337,5.676262626262626,13.593585858585866,3000.0,0.0,1,684.3,0,1
129,1362948,28864,59,9,1,4,CA  ,0.0,0.0,2.0,73.0,9.036577476896628,1253.0450000000003,6.083333333333333,104.42041666666668,1400.0,0.0,1,813.51,0,1
130,1362826,0,15,0,0,1,CA  ,1.0,425.08,1.0,24.0,11.937916666666666,286.51,2.0,23.875833333333322,0.0,0.0,0,0.0,1,0
131,1362744,3618,89,9,0,2,WI  ,1.0,1797.22,3.0,75.0,9.80218168075311,435.75,6.5,36.278964646464644,1000.0,0.0,1,682.28,1,0
132,1363295,4391,66,6,0,4,AZ  ,1.0,222.18,3.0,37.0,1.3948080808080803,7.639999999999982,3.592592592592592,1.1451851851851822,1000.0,0.0,1,1000.0,1,0
133,1363213,38010,60,0,0,2,OH  ,1.0,289.72,2.0,25.0,12.729605263157893,488.4049999999999,2.2272727272727275,44.41681818181817,1900.0,0.0,1,1046.11,0,1
134,1362683,44288,34,4,1,2,CA  ,0.0,0.0,1.0,141.0,16.324680851063835,2301.7800000000007,11.75,191.8149999999999,6600.0,0.0,1,5359.08,1,0
135,1363070,5808,19,1,0,1,IL  ,1.0,844.28,3.0,23.666666666666668,0.49225730994151934,79.22999999999998,2.3371212121212124,6.193813131313127,3000.0,0.0,1,774.22,1,0
136,1362540,49731,62,2,0,2,IL  ,0.0,0.0,1.0,99.0,91.95464646464649,9103.510000000002,8.25,758.6258333333335,0.0,0.0,0,0.0,1,0
137,1363335,2807,54,2,0,2,MN  ,0.0,0.0,2.0,74.5,6.984695959595959,374.44999999999993,6.583333333333334,31.590113636363643,1000.0,0.0,1,806.94,1,0
138,1363009,95585,53,3,1,2,CO  ,0.0,0.0,1.0,45.0,76.42444444444445,3439.1000000000004,3.75,286.59166666666675,0.0,0.0,0,0.0,0,1
139,1362805,4626,78,8,0,3,NY  ,1.0,232.15,3.0,64.33333333333333,0.002157407407407478,49.77666666666668,5.361111111111111,4.148055555555556,1000.0,2.0,1,300.0,1,0
140,1363192,10151,34,4,0,4,CA  ,0.0,0.0,2.0,67.0,13.965884559884563,900.4100000000002,6.090909090909091,81.85545454545456,1000.0,0.0,1,1000.0,0,1
141,1362662,4604,65,5,0,2,NY  ,0.0,0.0,1.0,99.0,25.36727272727272,2511.359999999999,9.0,228.30545454545455,0.0,0.0,0,0.0,1,0
142,1362784,55678,43,3,5,2,MO  ,0.0,0.0,2.0,72.5,30.940891523935004,3124.2250000000004,6.416666666666667,284.42204545454547,2800.0,0.0,1,2764.67,0,1
143,1363253,39291,58,8,1,4,IL  ,0.0,0.0,3.0,58.666666666666664,8.000872959151268,1202.2033333333336,5.022222222222223,97.62788888888888,2000.0,0.0,1,2000.0,1,0
144,1363457,86744,57,7,0,2,VA  ,1.0,3028.72,3.0,60.0,18.7158949013949,3555.153333333333,5.0,296.26277777777767,13000.0,0.0,1,4626.88,0,1
145,1362641,3419,28,7,0,1,OH  ,0.0,0.0,3.0,30.666666666666668,3.383006390161564,266.98,2.744444444444444,20.381136363636376,3000.0,0.0,1,172.99,1,0
146,1362580,29363,36,6,3,4,CA  ,1.0,163.39,3.0,52.0,13.91573833573834,501.6899999999999,4.674242424242425,44.836893939393946,1500.0,0.0,1,1500.0,1,0
147,1362845,73785,43,2,3,4,CA  ,0.0,0.0,1.0,37.0,103.7845945945946,3840.0299999999997,3.3636363636363638,349.09363636363634,0.0,0.0,0,0.0,0,1
148,1363375,11004,72,2,0,2,WI  ,0.0,0.0,1.0,99.0,1.1007070707070696,108.9699999999999,9.0,9.90636363636363,0.0,0.0,0,0.0,1,0
149,1363314,11375,26,5,1,2,TX  ,0.0,0.0,2.0,81.5,6.9146109532828355,122.75000000000057,6.791666666666666,10.229166666666671,3000.0,0.0,1,366.31,0,1
150,1362498,9849,60,0,0,2,NY  ,1.0,2307.85,2.0,34.5,0.8947807017543881,13.38499999999988,3.35,1.62466666666667,0.0,0.0,0,0.0,1,0
151,1362702,19789,39,9,0,1,KY  ,1.0,12.53,2.0,64.5,10.876540404040409,287.70500000000015,6.2,23.052583333333338,0.0,0.0,0,0.0,0,1
152,1362763,21198,50,0,1,2,CA  ,0.0,0.0,2.0,55.0,4.525916666666668,228.7400000000001,4.696969696969697,19.66772727272728,1100.0,0.0,1,160.0,1,0
153,1363171,36873,59,9,0,2,WI  ,0.0,0.0,2.0,69.0,27.001888111888125,2569.610000000001,6.075,215.25624999999997,1800.0,0.0,1,1800.0,1,0
154,1363232,9614,65,5,0,2,NY  ,0.0,0.0,1.0,28.0,35.03892857142858,981.0900000000001,3.111111111111111,109.00999999999999,1000.0,0.0,1,1000.0,1,0
155,1362967,5022,84,4,0,2,TX  ,0.0,0.0,1.0,99.0,1.0209090909090934,101.07000000000025,8.25,8.422500000000042,0.0,0.0,0,0.0,0,1
156,1362620,29995,31,1,0,2,TX  ,0.0,0.0,1.0,99.0,40.30838383838383,3990.5299999999997,9.9,399.053,0.0,0.0,0,0.0,0,1
157,1363436,6105,26,5,1,2,TN  ,0.0,0.0,1.0,99.0,1.6987878787878776,168.1799999999999,11.0,18.686666666666653,0.0,0.0,0,0.0,1,0
158,1362824,69432,58,8,2,2,CA  ,0.0,0.0,2.0,73.5,99.75095959595961,4566.585,7.131818181818182,411.23595454545455,10400.0,0.0,1,959.72,1,0
159,1363354,12621,66,6,0,4,NY  ,1.0,1116.71,3.0,61.0,5.494116161616159,24.969999999999647,5.633333333333333,3.454499999999991,3000.0,0.0,1,3000.0,1,0
160,1362681,30224,73,3,0,2,CA  ,1.0,3629.45,1.0,38.0,10.523684210526314,399.8999999999999,3.1666666666666665,33.32500000000001,0.0,0.0,0,0.0,0,1
161,1362742,18785,28,7,0,1,MN  ,1.0,844.14,3.0,23.666666666666668,51.23733442802409,1068.1899999999998,2.263888888888889,124.68083333333335,3000.0,0.0,1,15.74,0,1
162,1363150,0,14,6,0,1,CA  ,1.0,370.22,1.0,49.0,2.7740816326530626,135.93000000000006,4.083333333333333,11.327500000000013,0.0,0.0,0,0.0,1,0
163,1363211,44472,47,6,0,1,CA  ,0.0,0.0,1.0,34.0,53.035294117647055,1803.1999999999998,3.090909090909091,163.92727272727268,0.0,0.0,0,0.0,1,0
164,1363415,0,16,1,0,1,OH  ,0.0,0.0,1.0,99.0,27.236767676767677,2696.44,8.25,224.70333333333335,0.0,0.0,0,0.0,1,0
165,1363068,57612,58,8,2,2,IL  ,0.0,0.0,1.0,46.0,51.88173913043478,2386.56,3.8333333333333335,198.8799999999999,0.0,0.0,0,0.0,0,1
166,1362925,15077,74,4,0,2,MD  ,1.0,1770.46,2.0,42.0,13.330451388888887,443.25,3.5,36.93750000000001,1000.0,0.0,1,602.03,1,0
167,1363394,12722,49,9,0,1,CA  ,1.0,2270.28,2.0,24.0,21.044440559440552,460.5699999999998,2.458333333333333,58.223333333333336,1000.0,0.0,1,1000.0,1,0
168,1363272,22758,30,0,2,2,CA  ,1.0,711.81,3.0,62.0,3.1944993552546728,212.90666666666644,5.677777777777778,23.788797979797966,3400.0,7.0,1,1016.12,1,0
169,1362782,29579,43,3,0,1,CA  ,1.0,268.13,3.0,56.333333333333336,4.426659108087678,290.9566666666667,4.694444444444444,24.246388888888877,1500.0,0.0,1,1136.06,0,1
170,1362864,17612,30,0,3,4,NY  ,1.0,176.53,2.0,37.5,2.6684126984127006,162.50000000000014,3.3636363636363638,14.76272727272727,1000.0,0.0,1,0.0,1,0
171,1363251,18597,19,4,0,1,CA  ,1.0,5059.46,2.0,69.5,9.668571969696968,998.8499999999998,6.166666666666667,91.01852272727271,0.0,0.0,0,0.0,0,1
172,1363333,16865,19,4,0,1,MN  ,1.0,1896.2,2.0,69.5,14.056108585858583,497.69,6.616666666666667,39.668833333333325,0.0,0.0,0,0.0,1,0
173,1363047,14891,43,3,4,2,OK  ,0.0,0.0,1.0,18.0,15.305555555555555,275.5,2.25,34.43749999999999,0.0,0.0,0,0.0,0,1
174,1363129,10430,26,5,0,1,NY  ,0.0,0.0,2.0,60.5,20.228080808080804,1442.6149999999998,5.041666666666667,120.21791666666668,3000.0,0.0,1,335.42,1,0
175,1362721,7777,18,3,0,1,CA  ,1.0,48.22,2.0,30.0,17.23543771043771,555.5350000000001,2.958333333333333,60.07180555555555,1000.0,0.0,1,1000.0,1,0
176,1363108,27814,24,3,2,2,TX  ,1.0,360.12,3.0,23.666666666666668,7.389621212121212,288.2133333333333,2.388888888888889,23.70527777777778,1400.0,4.0,1,458.67,1,0
177,1362986,41650,30,0,3,3,MA  ,1.0,434.43,3.0,27.0,51.45010582010582,1274.5933333333335,2.25,106.2161111111111,2100.0,0.0,1,1932.1,0,1
178,1362904,18891,69,9,0,3,IN  ,1.0,201.9,3.0,53.0,6.520197811447812,340.1333333333334,4.537878787878788,30.47005050505051,3000.0,0.0,1,679.69,0,1
179,1363455,37471,55,5,1,2,MD  ,1.0,254.9,2.0,19.0,103.74113846153844,2594.95,2.625,432.61999999999995,5600.0,0.0,1,5192.98,1,0
180,1362496,0,13,2,0,1,TX  ,1.0,251.06,1.0,12.0,0.31,3.72,1.0,0.31,0.0,0.0,0,0.0,0,1
181,1362578,0,17,2,0,1,PA  ,1.0,862.43,3.0,58.333333333333336,3.6839157853040234,788.5966666666668,4.9898989898989905,67.14547979797979,3000.0,0.0,1,731.2,1,0
182,1362843,27303,59,9,1,3,MA  ,1.0,224.72,2.0,61.5,0.38898989898990155,50.739999999999796,5.5,4.829090909090885,0.0,0.0,0,0.0,1,0
183,1362761,13515,23,2,1,4,WI  ,1.0,490.67,3.0,32.333333333333336,21.304691558441558,675.0166666666668,3.0833333333333335,11.81416666666668,1000.0,0.0,1,0.0,0,1
184,1363312,29335,50,0,0,2,CA  ,0.0,0.0,1.0,65.0,67.04338461538462,4357.820000000001,6.5,435.78200000000015,4400.0,0.0,1,4400.0,1,0
185,1363230,5940,28,3,1,2,KY  ,0.0,0.0,1.0,99.0,20.900404040404034,2069.1399999999994,8.25,172.42833333333328,0.0,0.0,0,0.0,1,0
186,1362700,6195,75,5,0,4,CA  ,1.0,315.88,3.0,23.333333333333332,24.99345280764635,685.2099999999997,2.2314814814814814,59.75666666666666,1000.0,0.0,1,107.4,1,0
187,1362822,13750,19,1,0,1,IL  ,1.0,523.43,3.0,61.0,15.471739618406284,865.7299999999999,5.928571428571428,96.93414862914864,1000.0,0.0,1,1000.0,0,1
188,1363169,13113,19,4,0,1,IL  ,1.0,153.82,3.0,20.0,582.0647517730496,527.6266666666667,2.090909090909091,578.1421212121212,3000.0,0.0,1,0.0,1,0
189,1363434,41069,57,7,0,1,NY  ,0.0,0.0,2.0,56.5,58.80803751803751,1461.2900000000009,7.625,378.0591666666668,0.0,0.0,0,0.0,0,1
190,1363087,3400,18,3,0,1,OK  ,0.0,0.0,2.0,65.5,14.126706123737373,550.1249999999998,5.579545454545455,48.91356060606061,1000.0,0.0,1,1000.0,1,0
191,1362557,19282,40,0,4,4,CA  ,1.0,68.86,3.0,46.0,55.1572173346367,1208.9400000000003,4.055555555555556,128.5227777777778,1000.0,0.0,1,1000.0,0,1
192,1363352,5772,18,3,0,1,TX  ,1.0,2950.23,3.0,61.666666666666664,9.718996235579839,99.47666666666662,18.88888888888889,52.699166666666564,1000.0,0.0,1,906.54,0,1
193,1363026,49435,44,4,4,2,FL  ,0.0,0.0,2.0,80.5,3.452213261648745,581.55,7.083333333333334,55.9120833333333,2500.0,0.0,1,2500.0,0,1
194,1363413,9146,80,0,0,4,FL  ,0.0,0.0,1.0,99.0,0.10060606060606118,9.960000000000058,8.25,0.829999999999996,0.0,0.0,0,0.0,0,1
195,1363495,19639,36,3,3,3,CA  ,1.0,2783.16,2.0,67.5,5.842727272727277,982.5050000000005,7.0,115.58111111111111,0.0,0.0,0,0.0,1,0
196,1363209,32739,59,9,0,1,MI  ,0.0,0.0,3.0,54.333333333333336,16.18950689692625,446.93000000000006,4.911616161616162,52.01484006734006,1600.0,0.0,1,1600.0,1,0
197,1363291,34855,40,0,2,4,TX  ,1.0,653.58,3.0,61.333333333333336,36.08912677404202,2806.75,5.2601010101010095,246.41926767676765,5200.0,0.0,1,5014.14,0,1
198,1362801,12485,24,3,2,4,GA  ,0.0,0.0,2.0,55.5,6.062681307456586,16.42999999999992,5.083333333333334,6.237916666666667,1000.0,0.0,1,45.23,0,1
199,1362883,12403,31,1,3,2,IL  ,1.0,149.74,2.0,42.0,18.851352785145888,753.36,3.5,62.78,1000.0,10.0,1,983.06,0,1
200,1363270,0,16,1,0,1,TX  ,1.0,380.05,2.0,73.0,2.8032871265849995,184.025,6.908333333333333,16.993999999999996,0.0,0.0,0,0.0,0,1
201,1363066,3240,64,1,0,1,CA  ,0.0,0.0,1.0,70.0,4.273999999999992,299.17999999999944,6.363636363636363,27.198181818181798,0.0,0.0,0,0.0,0,1
202,1362740,2715,61,1,0,2,PA  ,0.0,0.0,3.0,45.0,0.5384924879042511,50.72666666666667,4.083333333333333,5.911287878787884,3000.0,0.0,1,1121.88,0,1
203,1362658,45629,44,4,2,3,MI  ,1.0,238.62,3.0,15.333333333333334,154.3036965811966,626.7966666666666,1.5,177.5558333333333,6800.0,0.0,1,0.0,1,0
204,1363127,0,16,1,0,1,VA  ,1.0,124.01,2.0,13.0,19.057857142857138,266.6599999999999,1.375,33.295000000000016,1000.0,0.0,1,305.79,1,0
205,1363474,3339,20,5,0,1,CA  ,1.0,4622.61,3.0,53.333333333333336,22.02384908609908,1264.9866666666662,4.545454545454546,107.11487373737373,1000.0,0.0,1,702.74,1,0
206,1362597,12106,19,4,0,1,TX  ,0.0,0.0,2.0,73.0,4.462967977648827,765.6499999999997,6.458333333333333,71.82181818181817,1000.0,0.0,1,442.72,0,1
207,1363392,0,17,2,0,1,NY  ,1.0,241.59,3.0,52.0,7.179806397306398,839.2833333333334,4.333333333333333,69.94027777777777,1000.0,0.0,1,1000.0,1,0
208,1363249,61885,52,2,2,2,CA  ,0.0,0.0,2.0,115.0,9.427404965687407,923.5249999999999,10.408333333333333,93.0203333333333,3100.0,2.0,1,3082.05,1,0
209,1363331,31054,55,5,2,2,MN  ,1.0,743.04,3.0,56.666666666666664,38.94844094167482,1305.7900000000002,4.722222222222222,108.81583333333326,7800.0,0.0,1,2264.61,0,1
210,1362637,23973,45,5,0,1,HI  ,1.0,44.79,3.0,48.0,20.647780981202033,560.4466666666666,4.790740740740741,58.55135185185185,1200.0,0.0,1,1200.0,1,0
211,1363371,3551,27,4,2,2,CA  ,1.0,87.77,2.0,65.0,24.096503747148905,1685.79,5.416666666666667,140.4825,0.0,0.0,0,0.0,1,0
212,1363453,12728,35,2,0,1,FL  ,0.0,0.0,1.0,16.0,13.560625000000002,216.97000000000003,2.2857142857142856,30.995714285714286,0.0,0.0,0,0.0,0,1
213,1362963,4508,69,4,0,1,NC  ,0.0,0.0,1.0,99.0,2.003333333333332,198.32999999999987,8.25,16.527499999999982,0.0,0.0,0,0.0,1,0
214,1362902,18760,48,5,0,1,NY  ,1.0,1554.71,3.0,64.0,17.205844882038914,431.96333333333337,5.583333333333333,35.98484848484849,1000.0,0.0,1,346.97,1,0
215,1363228,36237,41,1,0,1,MA  ,1.0,1538.46,2.0,61.5,24.83162878787879,539.5499999999993,5.125,44.96250000000003,0.0,0.0,0,0.0,0,1
216,1362698,49623,55,5,1,4,TX  ,0.0,0.0,3.0,61.0,0.7698983787582847,1168.4333333333323,5.311111111111111,82.86755555555554,2500.0,0.0,1,2500.0,1,0
217,1362820,129196,55,5,2,3,IL  ,0.0,0.0,2.0,77.0,65.57004040404038,6692.2699999999995,7.241666666666667,673.4110833333332,6500.0,0.0,1,4231.59,0,1
218,1363167,39703,38,8,0,1,NJ  ,1.0,1296.4,2.0,65.0,26.72094982078854,2689.5850000000005,5.416666666666667,224.13208333333336,0.0,0.0,0,0.0,1,0
219,1362759,27258,69,9,0,2,CA  ,1.0,79.52,3.0,64.66666666666667,0.47992340067340056,20.18666666666657,5.638888888888888,2.7646717171717046,1400.0,0.0,1,835.19,1,0
220,1362555,26598,57,6,0,2,CA  ,1.0,260.59,2.0,67.5,0.418169191919195,90.66499999999968,5.625,7.555416666666671,0.0,0.0,0,0.0,0,1
221,1362677,11812,32,2,2,4,OK  ,0.0,0.0,1.0,99.0,2.7784848484848514,275.0700000000003,8.25,22.922500000000024,0.0,0.0,0,0.0,0,1
222,1363493,30068,69,5,0,2,TX  ,0.0,0.0,2.0,59.0,14.701831472620949,1923.755,5.180555555555555,157.22361111111113,1500.0,0.0,1,0.0,0,1
223,1362881,12690,55,5,0,2,AZ  ,1.0,61.5,3.0,65.0,4.2560311447811445,178.00666666666658,5.666666666666667,15.72053030303031,1000.0,0.0,1,440.26,0,1
224,1363268,35508,56,6,1,2,TX  ,1.0,180.08,3.0,51.0,3.1298801198801223,311.3866666666667,4.638888888888888,30.822777777777784,1800.0,0.0,1,1800.0,1,0
225,1363146,8381,44,4,0,2,NJ  ,0.0,0.0,1.0,1.0,2814.61,2814.61,1.0,2814.61,3000.0,0.0,1,0.0,1,0
226,1362656,17584,64,4,0,4,TX  ,1.0,367.8,2.0,44.5,8.16537925696595,374.0800000000004,3.708333333333333,31.173333333333332,1000.0,0.0,1,445.22,0,1
227,1363207,10919,73,3,0,2,IL  ,0.0,0.0,1.0,79.0,2.267215189873418,179.11,6.583333333333333,14.925833333333392,1000.0,0.0,1,777.0,0,1
228,1363390,12973,50,0,2,2,NY  ,1.0,740.57,3.0,63.666666666666664,15.615163398692806,1202.9399999999996,5.305555555555555,100.24499999999995,3000.0,0.0,1,1860.67,0,1
229,1363003,7968,68,8,0,2,NY  ,0.0,0.0,1.0,99.0,0.24272727272727332,24.030000000000058,9.0,2.1845454545454377,0.0,0.0,0,0.0,0,1
230,1362513,28058,32,2,2,4,NY  ,1.0,352.05,2.0,32.0,4.4782388663967625,178.79000000000005,3.7976190476190474,26.652738095238103,0.0,0.0,0,0.0,1,0
231,1362595,29241,58,5,2,2,TX  ,0.0,0.0,1.0,99.0,40.09535353535353,3969.4399999999996,8.25,330.78666666666663,0.0,0.0,0,0.0,1,0
232,1362982,0,15,7,0,1,IL  ,1.0,3313.65,1.0,40.0,28.671250000000004,1146.8500000000001,3.3333333333333335,95.57083333333328,0.0,0.0,0,0.0,1,0
233,1363064,0,13,5,0,1,NY  ,1.0,1103.03,1.0,32.0,27.564375000000002,882.0600000000001,2.6666666666666665,73.50500000000001,0.0,0.0,0,0.0,1,0
234,1363247,19686,64,4,0,2,OH  ,1.0,339.33,3.0,67.0,12.831709401709402,793.93,5.583333333333333,66.16083333333333,3000.0,0.0,1,3000.0,1,0
235,1362860,0,15,7,0,1,CA  ,1.0,2100.68,1.0,40.0,3.3807499999999977,135.2299999999999,3.3333333333333335,11.269166666666672,0.0,0.0,0,0.0,1,0
236,1362839,43315,33,3,3,3,MD  ,1.0,3420.03,3.0,81.0,36.281139520202025,3250.9133333333334,7.0,293.2645959595959,6500.0,0.0,1,3783.62,0,1
237,1362921,19987,45,5,2,3,KS  ,0.0,0.0,2.0,45.0,51.96979296066253,998.8300000000002,4.375,150.60785714285714,3000.0,0.0,1,81.68,1,0
238,1362492,40252,40,0,5,3,TX  ,0.0,0.0,2.0,65.0,54.485786901270764,3240.8399999999992,6.222222222222222,314.4527272727273,2000.0,0.0,1,2000.0,1,0
239,1362717,0,16,1,0,1,NY  ,1.0,186.79,3.0,44.666666666666664,14.62276240667545,353.48,3.935185185185185,38.71083333333333,1000.0,0.0,1,1000.0,1,0
240,1362961,5505,18,3,0,1,NC  ,0.0,0.0,2.0,77.0,15.478191919191918,1324.245,6.416666666666666,110.35374999999995,1000.0,0.0,1,1000.0,1,0
241,1363287,18449,39,9,0,2,OH  ,0.0,0.0,1.0,32.0,4.065312499999997,130.08999999999992,2.909090909090909,11.826363636363629,1000.0,0.0,1,991.56,0,1
242,1362574,26763,31,1,2,2,NY  ,0.0,0.0,1.0,74.0,17.567567567567565,1299.9999999999998,6.166666666666667,108.33333333333333,1300.0,0.0,1,1300.0,1,0
243,1363083,22680,64,4,0,1,FL  ,1.0,6325.98,3.0,58.0,5.221854838709674,537.9766666666662,5.083333333333333,49.980252525252524,1100.0,0.0,1,969.94,0,1
244,1363043,20840,42,2,1,2,DC  ,1.0,1379.43,3.0,67.0,6.918518518518525,1107.5600000000006,5.583333333333333,92.2966666666667,1000.0,0.0,1,1000.0,0,1
245,1362675,10608,63,3,0,2,MN  ,1.0,274.78,3.0,31.333333333333332,12.354228128460685,460.1066666666666,2.611111111111111,38.342222222222226,1000.0,0.0,1,911.38,1,0
246,1363308,27155,22,1,1,2,NY  ,1.0,1585.57,3.0,23.0,43.43892604979561,1214.25,2.1,114.22311111111111,0.0,0.0,0,0.0,0,1
247,1362940,0,17,2,0,1,NY  ,1.0,778.84,2.0,24.0,12.553199300699305,323.3850000000001,2.083333333333333,27.07367424242424,1000.0,0.0,1,41.22,1,0
248,1363165,15301,69,7,0,2,MO  ,1.0,57.08,3.0,62.0,11.220897435897443,834.1800000000006,5.166666666666667,69.515,1000.0,1.0,1,429.34,0,1
249,1363409,9379,69,9,0,2,NY  ,0.0,0.0,1.0,40.0,20.772250000000003,830.8900000000001,3.6363636363636362,75.53545454545453,1000.0,0.0,1,160.42,1,0
250,1363022,26364,41,1,2,2,IN  ,1.0,140.0,3.0,20.333333333333332,13.913313725490198,103.38333333333334,1.777777777777778,13.462944444444448,4000.0,0.0,1,604.65,0,1
251,1362797,17912,32,2,3,2,WA  ,0.0,0.0,1.0,22.0,1.1977272727272743,26.350000000000037,2.2,2.635000000000012,1000.0,0.0,1,100.0,1,0
252,1363491,0,14,6,0,1,HI  ,0.0,0.0,1.0,18.0,10.423888888888897,187.63000000000014,2.25,23.453750000000007,0.0,0.0,0,0.0,0,1
253,1363266,20889,23,2,0,3,CA  ,0.0,0.0,2.0,75.0,23.98394533571004,1906.34,6.818181818181818,173.30363636363637,1000.0,5.0,1,994.65,1,0
254,1362614,18040,27,6,2,2,NY  ,1.0,1534.73,1.0,40.0,34.85200000000001,1394.0800000000004,3.3333333333333335,116.17333333333335,0.0,0.0,0,0.0,1,0
255,1362858,60242,41,1,4,2,CA  ,1.0,592.84,3.0,74.0,11.538915764066369,621.6500000000004,6.416666666666667,52.284595959595954,9000.0,0.0,1,708.2,1,0
256,1362879,0,15,7,0,1,OR  ,1.0,856.61,1.0,22.0,24.1609090909091,531.5400000000002,1.8333333333333333,44.29500000000001,0.0,0.0,0,0.0,1,0
257,1362654,0,13,5,0,1,TX  ,1.0,622.46,1.0,21.0,7.71761904761905,162.07000000000005,1.75,13.50583333333333,0.0,0.0,0,0.0,1,0
258,1363348,36259,45,5,2,2,MA  ,1.0,1628.76,3.0,69.33333333333333,10.792074889683585,1241.3933333333334,5.777777777777778,103.44944444444447,1800.0,0.0,1,1800.0,1,0
259,1363123,56384,35,2,2,4,IL  ,0.0,0.0,2.0,65.5,44.75597380050505,3771.5300000000007,5.458333333333333,314.2941666666667,2800.0,0.0,1,2800.0,0,1
260,1362736,20358,42,2,0,1,DC  ,1.0,2180.1,3.0,32.333333333333336,1.236176470588235,63.10333333333333,2.6944444444444446,5.2586111111111205,1000.0,0.0,1,328.79,1,0
261,1363205,0,17,2,0,1,IL  ,0.0,0.0,3.0,22.333333333333332,18.637769230769226,718.0466666666666,2.244227994227994,41.79299062049061,3000.0,0.0,1,684.12,1,0
262,1362511,2517,83,3,0,1,NY  ,1.0,748.73,3.0,62.666666666666664,2.866842455163885,205.31666666666672,5.7444444444444445,22.58506565656567,3000.0,0.0,1,904.93,0,1
263,1363470,18390,38,8,2,2,FL  ,0.0,0.0,2.0,73.5,62.68404356060606,3595.705,6.525,340.5835,5000.0,0.0,1,5000.0,1,0
264,1362980,8201,18,3,0,1,IL  ,1.0,310.32,3.0,64.33333333333333,10.79587429854096,995.2433333333332,5.611111111111111,89.65575757575759,1000.0,0.0,1,512.73,0,1
265,1362593,11725,30,0,0,1,NY  ,0.0,0.0,2.0,87.0,24.202569696969697,2293.68,7.25,191.14,3000.0,0.0,1,689.96,0,1
266,1363449,30265,34,4,0,1,CA  ,0.0,0.0,2.0,74.0,10.039277468563176,805.4649999999995,6.727272727272727,73.2240909090909,1500.0,0.0,1,636.53,1,0
267,1363327,12310,40,0,0,1,CA  ,1.0,401.43,3.0,59.0,27.087068557919622,1709.8566666666666,5.2853535353535355,155.7530808080808,3000.0,0.0,1,3000.0,1,0
268,1362837,22322,50,0,0,2,AZ  ,1.0,545.76,3.0,46.666666666666664,25.091037710437707,989.8700000000002,4.287037037037037,98.20486531986533,1100.0,0.0,1,1100.0,0,1
269,1362919,4300,24,3,0,1,CA  ,1.0,318.66,1.0,12.0,0.395,4.74,1.0,0.395,0.0,0.0,0,0.0,1,0
270,1363306,15576,46,6,0,1,CA  ,1.0,1193.26,3.0,56.0,3.7063562621117825,79.02666666666683,4.666666666666667,6.5855555555555725,1000.0,0.0,1,137.4,1,0
271,1362715,17750,56,6,1,2,NY  ,1.0,195.07,3.0,59.0,9.4793860342556,905.0566666666667,5.166666666666666,81.29002525252524,3000.0,0.0,1,933.22,1,0
272,1363102,18183,33,3,3,2,CA  ,0.0,0.0,1.0,17.0,58.8235294117647,1000.0,2.4285714285714284,142.85714285714286,1000.0,0.0,1,1000.0,1,0
273,1363184,19840,50,0,2,4,OH  ,0.0,0.0,2.0,24.5,25.163158333333328,623.8949999999999,4.785714285714286,102.45803571428573,1000.0,0.0,1,1000.0,1,0
274,1362694,29838,36,6,2,2,GA  ,0.0,0.0,2.0,79.5,20.74680050505051,2012.7850000000003,7.0,182.5008712121212,1500.0,0.0,1,1360.3,1,0
275,1362776,27269,68,3,0,2,TN  ,0.0,0.0,1.0,99.0,27.276666666666678,2700.3900000000012,8.25,225.0325,0.0,0.0,0,0.0,0,1
276,1362959,77727,57,7,1,2,NC  ,0.0,0.0,2.0,68.5,66.68847421584265,3666.855000000001,6.2272727272727275,333.35045454545457,0.0,0.0,0,0.0,1,0
277,1362572,0,17,2,0,1,NM  ,1.0,432.85,3.0,56.333333333333336,1.8044551386486856,1.5333333333331514,4.944444444444445,0.483308080808077,1000.0,0.0,1,369.97,0,1
278,1363428,8301,82,2,0,1,IN  ,0.0,0.0,1.0,99.0,8.781616161616167,869.3800000000006,9.9,86.93800000000002,0.0,0.0,0,0.0,0,1
279,1362633,10818,28,4,2,2,NY  ,1.0,57.34,3.0,68.66666666666667,17.407946821379316,1586.1833333333332,5.972222222222222,142.25949494949495,1000.0,0.0,1,1000.0,1,0
280,1362551,23085,27,6,0,1,NC  ,0.0,0.0,1.0,79.0,21.40822784810126,1691.2499999999995,8.777777777777779,187.91666666666669,0.0,0.0,0,0.0,1,0
281,1362898,12449,32,1,2,2,IL  ,0.0,0.0,1.0,99.0,1.3909090909090884,137.69999999999976,8.25,11.475000000000014,0.0,0.0,0,0.0,0,1
282,1362816,11918,19,4,0,1,KY  ,0.0,0.0,2.0,102.5,29.039153325709922,2931.314999999999,8.541666666666668,244.27625,3000.0,0.0,1,3000.0,1,0
283,1363081,41876,37,7,0,1,KY  ,1.0,765.22,3.0,28.666666666666668,37.373791005291004,769.13,2.9166666666666665,89.34719444444444,0.0,0.0,0,0.0,1,0
284,1363142,40671,30,0,2,3,IL  ,1.0,404.63,3.0,54.333333333333336,13.817219632219635,813.9066666666668,4.659090909090909,72.5907323232323,10200.0,0.0,1,1953.78,0,1
285,1362877,9480,42,2,2,2,OR  ,1.0,629.45,3.0,58.0,4.818381433381434,271.75000000000006,5.083333333333333,23.938737373737368,1000.0,7.0,1,80.0,0,1
286,1362530,39250,57,7,0,1,NY  ,1.0,900.52,3.0,59.0,22.226041181041182,2104.566666666667,5.166666666666666,188.76229797979798,2000.0,0.0,1,2000.0,1,0
287,1363346,35237,55,5,1,2,AZ  ,1.0,332.08,2.0,51.5,17.038791208791206,1566.7249999999997,4.291666666666666,130.56041666666667,0.0,0.0,0,0.0,0,1
288,1362999,29403,36,6,2,4,CA  ,0.0,0.0,2.0,91.5,13.867819264069269,1474.4150000000004,8.0,138.34382575757576,4400.0,0.0,1,988.54,0,1
289,1362938,0,16,1,0,1,TX  ,0.0,0.0,2.0,81.5,3.482343749999993,622.2199999999995,6.791666666666666,51.85166666666667,3000.0,0.0,1,436.98,0,1
290,1363468,36923,53,2,1,3,KY  ,1.0,927.28,2.0,51.5,61.80470298977183,2423.355,5.145833333333334,316.52958333333333,5500.0,0.0,1,5500.0,1,0
291,1362734,33010,55,5,0,2,MO  ,0.0,0.0,2.0,5.5,2.125892857142857,7.684999999999999,1.5,4.524642857142856,0.0,0.0,0,0.0,1,0
292,1363264,0,16,1,0,1,NJ  ,1.0,369.44,3.0,77.66666666666667,18.3361614191561,949.8966666666665,6.722222222222221,79.60295454545457,1000.0,0.0,1,1000.0,1,0
293,1363203,82612,56,6,1,2,IL  ,1.0,3216.39,2.0,69.5,6.2137512626262525,237.7899999999991,6.166666666666667,19.679053030302995,0.0,0.0,0,0.0,0,1
294,1363121,0,14,6,0,1,FL  ,1.0,122.74,1.0,12.0,0.14999999999999997,1.7999999999999996,1.0,0.14999999999999997,0.0,0.0,0,0.0,0,1
295,1362591,26936,64,4,0,1,OH  ,0.0,0.0,2.0,101.5,15.14139423076923,1512.33,8.458333333333332,126.02749999999995,4000.0,0.0,1,1548.57,1,0
296,1362713,31297,40,0,0,2,IN  ,1.0,468.2,2.0,22.0,5.454687499999998,180.34999999999994,1.8333333333333333,15.029166666666667,0.0,0.0,0,0.0,0,1
297,1363060,48479,46,6,5,2,NY  ,1.0,1441.88,3.0,49.333333333333336,8.678713323713312,1858.0333333333328,4.111111111111112,154.83611111111108,2400.0,0.0,1,2192.95,0,1
298,1362509,3093,82,2,0,2,IN  ,0.0,0.0,3.0,76.0,4.417893665335531,309.07000000000045,7.847222222222222,26.79898148148148,0.0,0.0,0,0.0,0,1
299,1362652,20745,46,1,2,2,TX  ,0.0,0.0,1.0,99.0,2.9101010101010107,288.1000000000001,8.25,24.008333333333315,0.0,0.0,0,0.0,0,1
300,1362978,33060,41,1,0,1,CA  ,1.0,28.91,3.0,83.66666666666667,22.220316558441553,2067.3833333333328,6.972222222222222,172.28194444444435,5000.0,0.0,1,2103.69,0,1
301,1362917,45464,57,7,0,2,IN  ,0.0,0.0,2.0,62.5,132.8006954156954,3601.114999999999,17.5,3418.2831818181808,6800.0,0.0,1,6800.0,1,0
302,1363447,17052,41,1,0,1,NY  ,1.0,671.09,3.0,47.0,21.8271161939912,905.5133333333332,4.138888888888888,89.19041666666665,1000.0,0.0,1,1000.0,1,0
303,1362570,20562,50,0,2,2,NM  ,1.0,174.16,1.0,12.0,0.21750000000000003,2.6100000000000003,1.0,0.21750000000000003,0.0,0.0,0,0.0,1,0
304,1363182,101177,50,0,0,2,CA  ,1.0,753.69,2.0,39.0,92.0791346153846,3596.9849999999997,3.25,299.7487499999999,5100.0,0.0,1,5100.0,1,0
305,1362835,9099,28,7,0,1,AL  ,1.0,2060.9,3.0,14.666666666666666,4.758318903318902,81.05666666666664,1.95,9.78383333333334,1000.0,0.0,1,9.51,0,1
306,1363243,16579,35,5,2,2,TN  ,0.0,0.0,3.0,57.0,8.103682709447412,170.67666666666673,4.907407407407407,10.048703703703685,1000.0,0.0,1,110.03,0,1
307,1363304,14780,88,8,0,4,CA  ,0.0,0.0,1.0,99.0,2.2070707070707023,218.49999999999955,9.9,21.85000000000001,0.0,0.0,0,0.0,1,0
308,1362631,34394,54,4,0,2,TX  ,1.0,533.3,3.0,49.333333333333336,16.076911764705873,1425.6533333333325,4.23989898989899,118.31540404040403,5200.0,0.0,1,575.0,1,0
309,1363161,12560,31,1,2,2,CO  ,0.0,0.0,1.0,99.0,26.426868686868684,2616.2599999999998,8.25,218.02166666666665,0.0,0.0,0,0.0,1,0
310,1363100,12599,37,3,0,1,MA  ,0.0,0.0,1.0,99.0,25.402323232323237,2514.8300000000004,8.25,209.56916666666666,0.0,0.0,0,0.0,0,1
311,1363426,37186,36,6,0,1,NM  ,0.0,0.0,2.0,40.0,4.159625000000002,166.385,3.3333333333333335,13.865416666666661,1900.0,0.0,1,917.28,0,1
312,1362896,44758,53,2,1,2,NY  ,0.0,0.0,1.0,99.0,54.72010101010101,5417.29,8.25,451.4408333333334,0.0,0.0,0,0.0,1,0
313,1362549,0,17,2,0,1,NY  ,1.0,1039.96,2.0,59.0,8.710302891933026,409.10499999999985,4.916666666666666,34.09208333333335,1000.0,0.0,1,1000.0,1,0
314,1363365,41261,34,4,3,2,NY  ,0.0,0.0,2.0,61.0,67.8846223100571,3356.735,6.1,335.67350000000005,2100.0,0.0,1,2100.0,0,1
315,1363018,46884,36,4,2,2,AZ  ,1.0,9387.66,3.0,67.0,16.646726290684622,620.46,7.683982683982684,29.960660173160175,2300.0,0.0,1,2300.0,0,1
316,1362488,7083,77,7,0,2,CA  ,0.0,0.0,1.0,99.0,41.540606060606066,4112.52,8.25,342.71000000000004,0.0,0.0,0,0.0,1,0
317,1362814,0,16,1,0,1,IL  ,0.0,0.0,2.0,59.0,23.606719829877726,312.5600000000001,8.258928571428571,36.06535714285715,1000.0,0.0,1,1000.0,0,1
318,1362753,13352,48,8,0,1,OH  ,0.0,0.0,2.0,55.5,5.772001672240802,282.14,4.799242424242424,25.21814393939394,3000.0,0.0,1,3000.0,1,0
319,1363283,22995,21,0,0,1,NY  ,1.0,2.74,3.0,49.0,14.851399109057908,426.3699999999999,4.454545454545454,38.76090909090909,1100.0,0.0,1,1100.0,1,0
320,1363222,5456,63,3,0,4,CA  ,0.0,0.0,2.0,79.0,4.268983906865264,120.56500000000005,51.958333333333336,287.85125000000005,1000.0,0.0,1,1000.0,0,1
321,1362875,8681,68,8,0,2,AL  ,1.0,449.66,3.0,52.666666666666664,10.2262476899319,513.1633333333335,4.638888888888888,45.35931818181819,3000.0,0.0,1,3000.0,1,0
322,1362671,22783,25,4,0,1,LA  ,1.0,83.19,2.0,31.0,24.51320512820513,578.255,3.541666666666667,93.44041666666668,1100.0,0.0,1,1100.0,1,0
323,1362610,9602,79,9,0,2,HI  ,0.0,0.0,1.0,49.0,3.784285714285719,185.43000000000023,4.454545454545454,16.857272727272733,1000.0,0.0,1,545.57,0,1
324,1363140,20684,44,4,0,1,CA  ,1.0,896.45,3.0,39.333333333333336,2.7227675629500054,5.110000000000014,3.431818181818182,1.0246717171717112,1000.0,0.0,1,1000.0,0,1
325,1362528,6618,39,9,0,1,KY  ,1.0,269.93,3.0,60.0,4.506700380145537,465.25333333333316,5.250000000000001,42.42025252525251,3000.0,0.0,1,540.09,1,0
326,1363344,13124,66,6,0,2,AZ  ,1.0,253.92,3.0,61.0,0.34283585858585636,63.98000000000002,5.083333333333333,5.33166666666664,1000.0,0.0,1,1000.0,1,0
327,1362997,0,17,2,0,1,PA  ,1.0,201.95,3.0,38.0,3.231321548821549,113.21999999999998,3.3333333333333335,9.416540404040406,1000.0,6.0,1,420.0,1,0
328,1362936,8575,52,2,1,2,TX  ,1.0,792.11,3.0,49.0,2.893570136144048,81.77333333333324,4.141414141414141,7.390681818181821,1000.0,0.0,1,244.47,1,0
329,1363466,0,15,7,0,1,CA  ,1.0,1100.9,1.0,34.0,16.436764705882357,558.8500000000001,2.8333333333333335,46.57083333333333,0.0,0.0,0,0.0,1,0
330,1363405,26583,23,2,2,2,CA  ,0.0,0.0,1.0,99.0,1.0749494949494987,106.42000000000036,8.25,8.868333333333345,0.0,0.0,0,0.0,1,0
331,1362589,30674,64,4,0,2,WA  ,1.0,833.68,1.0,32.0,19.240937499999994,615.7099999999998,2.6666666666666665,51.30916666666668,0.0,0.0,0,0.0,1,0
332,1363201,8038,80,0,0,2,CA  ,1.0,74.54,3.0,19.0,28.162267689684565,480.99333333333334,2.156746031746032,62.25103174603174,1000.0,0.0,1,1000.0,1,0
333,1362793,29120,36,6,2,3,CA  ,1.0,404.56,3.0,50.333333333333336,14.386548821548821,1211.7166666666665,4.435185185185185,97.87944444444442,1500.0,0.0,1,407.08,0,1
334,1363323,57882,39,9,0,1,PA  ,0.0,0.0,2.0,68.5,16.52892477405635,2736.5900000000006,5.708333333333333,228.04916666666676,8700.0,0.0,1,1953.27,1,0
335,1363262,49631,54,4,1,2,NJ  ,1.0,6027.35,2.0,66.0,61.2659595959596,1957.6599999999999,11.275,151.9179166666667,0.0,0.0,0,0.0,1,0
336,1362711,12994,26,5,1,4,CA  ,1.0,38.87,2.0,63.0,2.4156228956228945,7.1600000000001245,11.025,12.207916666666677,0.0,0.0,0,0.0,1,0
337,1363058,6355,77,7,0,2,NY  ,0.0,0.0,1.0,99.0,26.50141414141414,2623.64,9.0,238.51272727272726,0.0,0.0,0,0.0,0,1
338,1363180,0,15,7,0,1,IL  ,1.0,405.61,1.0,40.0,9.021999999999997,360.8799999999999,3.3333333333333335,30.073333333333334,0.0,0.0,0,0.0,0,1
339,1362650,17804,21,0,1,2,NY  ,1.0,149.2,2.0,29.0,25.084999999999997,503.22999999999996,3.25,83.6025,1000.0,0.0,1,1000.0,0,1
340,1362976,20179,49,9,1,2,NB  ,1.0,137.99,1.0,29.0,2.2486206896551697,65.20999999999992,2.4166666666666665,5.4341666666666635,0.0,0.0,0,0.0,1,0
341,1363384,54647,48,8,0,1,TX  ,1.0,3419.28,3.0,58.666666666666664,41.231771043771055,122.9366666666665,4.888888888888888,10.2447222222222,8200.0,0.0,1,2231.29,0,1
342,1363445,5918,29,8,1,2,CA  ,1.0,552.01,1.0,31.0,6.129032258064515,189.99999999999997,2.5833333333333335,15.83333333333332,0.0,0.0,0,0.0,0,1
343,1362507,0,17,2,0,1,CA  ,0.0,0.0,1.0,99.0,7.582020202020188,750.6199999999986,9.0,68.23818181818184,0.0,0.0,0,0.0,1,0
344,1362568,0,16,1,0,1,CA  ,1.0,386.2,2.0,64.5,18.765595959595963,1975.1400000000003,5.375,164.59499999999997,3000.0,0.0,1,0.0,0,1
345,1362772,12456,31,1,2,2,IL  ,0.0,0.0,1.0,99.0,41.588787878787876,4117.29,8.25,343.1075,0.0,0.0,0,0.0,0,1
346,1363037,8257,29,8,0,2,PA  ,1.0,2054.92,3.0,44.666666666666664,18.148620875420875,551.2966666666667,4.111111111111112,84.83027777777777,1000.0,0.0,1,1000.0,1,0
347,1363241,30217,46,6,0,1,TX  ,1.0,1649.8,3.0,72.0,3.381181736309392,32.86666666666698,6.55,5.296777777777777,1500.0,0.0,1,1352.7,1,0
348,1363302,50704,55,5,1,2,CA  ,0.0,0.0,2.0,55.0,76.09065656565654,181.09499999999957,5.6375,41.08412499999997,0.0,0.0,0,0.0,0,1
349,1363098,21909,51,1,1,2,HI  ,0.0,0.0,1.0,99.0,28.857171717171717,2856.86,8.25,238.07166666666674,0.0,0.0,0,0.0,0,1
350,1362894,59542,57,7,0,1,NY  ,1.0,360.28,2.0,31.0,34.197647058823534,985.6150000000001,3.291666666666667,88.76479166666668,0.0,0.0,0,0.0,0,1
351,1362486,10701,76,6,0,3,TX  ,1.0,116.24,2.0,25.0,22.167199999999998,554.1800000000001,2.0833333333333335,46.18166666666667,0.0,0.0,0,0.0,1,0
352,1362690,24131,47,7,1,2,NV  ,0.0,0.0,3.0,53.0,20.55396584896585,1379.17,4.583333333333333,116.30046296296295,1200.0,0.0,1,1200.0,1,0
353,1362955,15746,30,0,3,2,CA  ,1.0,627.76,1.0,29.0,16.051379310344835,465.4900000000002,2.4166666666666665,38.790833333333346,0.0,0.0,0,0.0,0,1
354,1363159,11029,46,4,0,1,NM  ,0.0,0.0,2.0,36.5,93.89833823529412,325.49499999999995,3.4583333333333335,107.27791666666664,0.0,0.0,0,0.0,0,1
355,1362547,30413,37,3,0,2,NY  ,0.0,0.0,1.0,65.0,13.5816923076923,882.8099999999995,5.909090909090909,80.25545454545453,4600.0,0.0,1,952.52,0,1
356,1362669,0,13,5,0,1,CA  ,1.0,1693.81,1.0,33.0,46.08878787878787,1520.9299999999996,2.75,126.74416666666666,0.0,0.0,0,0.0,1,0
357,1363016,41317,54,4,1,2,CA  ,0.0,0.0,1.0,69.0,1.241449275362314,85.65999999999967,5.75,7.1383333333334535,6200.0,0.0,1,1223.77,0,1
358,1363485,19863,48,8,0,1,WA  ,1.0,157.76,2.0,17.5,69.71811594202899,1602.4350000000002,2.142857142857143,228.84904761904764,5000.0,8.0,1,1000.0,1,0
359,1363403,37364,52,2,1,4,OH  ,1.0,1590.22,3.0,45.333333333333336,47.72036075036075,1965.2133333333334,4.095238095238095,201.4661904761905,1900.0,0.0,1,1900.0,1,0
360,1363342,32700,53,3,1,4,TX  ,1.0,57.96,3.0,77.0,5.746043440945409,434.5600000000004,7.171212121212122,39.58068181818182,1600.0,0.0,1,1600.0,1,0
361,1362526,43872,41,1,0,2,CA  ,1.0,1145.74,3.0,45.0,78.2762962962963,234.1533333333326,4.238095238095238,69.19325396825396,6600.0,0.0,1,1982.36,1,0
362,1363138,13137,72,2,0,2,TX  ,1.0,1293.45,3.0,57.333333333333336,10.226128936423045,56.886666666666656,4.906565656565657,2.804646464646462,1000.0,0.0,1,914.08,1,0
363,1362791,7914,81,1,0,2,NY  ,1.0,492.11,3.0,64.33333333333333,15.21698428731762,510.50666666666666,5.911111111111111,32.55977777777778,3000.0,0.0,1,157.42,1,0
364,1362730,12988,37,7,3,4,WA  ,0.0,0.0,2.0,64.5,50.26783333333333,1579.6799999999996,6.0,157.0335,3000.0,0.0,1,3000.0,1,0
365,1363056,2442,19,1,0,1,WI  ,0.0,0.0,1.0,34.0,15.108235294117662,513.6800000000005,2.8333333333333335,42.80666666666667,1000.0,0.0,1,821.42,1,0
366,1363199,0,16,1,0,1,CA  ,1.0,251.39,3.0,27.666666666666668,24.3617266744096,300.1799999999999,2.525757575757576,33.219474747474734,3000.0,0.0,1,127.09,0,1
367,1363117,38736,48,7,5,4,FL  ,1.0,297.36,3.0,39.666666666666664,1.5342419962335232,41.16666666666678,3.305555555555556,3.4305555555555736,1900.0,0.0,1,1112.8,0,1
368,1362995,45195,59,9,2,2,PA  ,1.0,2978.58,3.0,64.33333333333333,37.15928519117301,2035.3033333333326,35.61111111111111,666.2677777777772,0.0,0.0,0,0.0,0,1
369,1363382,13497,61,1,0,2,CO  ,1.0,272.05,3.0,53.0,10.033190235690233,632.3833333333333,5.057575757575758,61.38713131313131,1000.0,0.0,1,1000.0,1,0
370,1362587,8799,27,6,0,2,OK  ,1.0,1596.17,3.0,70.33333333333333,2.758376592933556,381.65666666666647,6.111111111111111,37.43075757575759,1000.0,0.0,1,859.44,1,0
371,1362505,7735,53,3,1,2,CA  ,0.0,0.0,2.0,66.5,2.109481580510994,109.03500000000025,6.045454545454545,9.912272727272727,0.0,0.0,0,0.0,1,0
372,1362852,33706,56,6,1,2,NJ  ,0.0,0.0,2.0,62.0,14.296317171717181,1686.575000000001,5.375,139.02066666666667,1700.0,0.0,1,1700.0,0,1
373,1362974,12436,29,8,0,1,CA  ,0.0,0.0,2.0,41.0,15.822300824175823,564.1949999999999,3.9583333333333335,58.63874999999999,3000.0,0.0,1,271.87,0,1
374,1363321,33113,55,5,0,2,IN  ,1.0,1009.61,3.0,61.0,23.475740740740733,1469.876666666666,5.754545454545455,139.20640909090912,5000.0,0.0,1,1133.39,0,1
375,1362770,76891,42,2,0,1,PA  ,0.0,0.0,2.0,74.0,40.14302618016905,1924.1800000000003,7.177272727272728,174.15454545454548,0.0,0.0,0,0.0,1,0
376,1362709,5981,74,4,0,2,CA  ,1.0,917.33,3.0,64.66666666666667,1.8080782828282835,503.7166666666665,6.3055555555555545,61.12583333333331,1000.0,0.0,1,496.15,1,0
377,1362831,111004,52,2,0,1,FL  ,0.0,0.0,2.0,26.0,52.07826953748008,964.7050000000003,3.55,198.7825,5600.0,0.0,1,5600.0,0,1
378,1363178,31220,34,4,0,1,NC  ,0.0,0.0,1.0,99.0,3.3736363636363667,333.9900000000003,8.25,27.832500000000024,0.0,0.0,0,0.0,0,1
379,1363096,12072,67,7,0,2,NY  ,0.0,0.0,1.0,5.0,79.094,395.46999999999997,1.6666666666666667,131.82333333333332,1000.0,0.0,1,0.0,0,1
380,1362566,127848,54,4,1,2,CA  ,0.0,0.0,2.0,74.0,30.520837971552254,5858.414999999999,6.166666666666666,488.20124999999996,0.0,0.0,0,0.0,0,1
381,1363361,26008,34,4,2,4,OR  ,0.0,0.0,3.0,52.333333333333336,9.622137968835645,1084.0466666666666,4.658730158730159,90.78126984126983,1300.0,0.0,1,462.28,1,0
382,1363035,8262,60,0,0,2,WI  ,1.0,756.72,2.0,55.5,1.4142171717171714,59.02499999999997,4.625,4.9187500000000055,1000.0,0.0,1,0.0,0,1
383,1362484,10053,42,2,0,1,CO  ,1.0,2122.17,3.0,62.333333333333336,16.61214141414141,111.79666666666633,5.444444444444444,2.9574494949494956,3000.0,0.0,1,369.72,1,0
384,1363422,42532,39,9,2,2,CO  ,0.0,0.0,2.0,25.0,25.896995073891627,828.9500000000002,3.55,62.43650000000003,0.0,0.0,0,0.0,0,1
385,1363157,72194,32,2,0,1,TX  ,0.0,0.0,1.0,99.0,97.29090909090907,9631.799999999997,8.25,802.65,0.0,0.0,0,0.0,0,1
386,1363218,21646,49,6,0,1,CA  ,0.0,0.0,2.0,87.5,14.83637028176501,1410.0749999999994,7.291666666666666,117.50625,1100.0,0.0,1,1100.0,1,0
387,1362749,17412,33,2,2,3,TN  ,0.0,0.0,3.0,54.0,15.098581470735725,998.3533333333334,4.898148148148148,87.56651515151516,3000.0,0.0,1,3000.0,1,0
388,1362810,0,17,2,0,1,IN  ,1.0,731.5,3.0,51.333333333333336,13.25804369918699,123.88333333333321,4.398989898989899,15.90237373737375,3000.0,0.0,1,332.95,1,0
389,1363014,15399,60,0,0,2,NY  ,1.0,174.61,1.0,12.0,0.2191666666666667,2.6300000000000003,1.0,0.2191666666666667,0.0,0.0,0,0.0,0,1
390,1363075,12560,46,6,1,2,NY  ,0.0,0.0,1.0,55.0,5.917454545454542,325.4599999999998,5.0,29.587272727272705,3000.0,0.0,1,397.19,0,1
391,1363483,9271,28,6,0,2,DC  ,0.0,0.0,2.0,88.0,1.4760389610389586,142.44499999999982,8.158333333333333,14.029666666666667,1000.0,0.0,1,1000.0,0,1
392,1362932,18387,18,3,0,1,CA  ,1.0,523.84,2.0,69.5,2.17010227272727,52.1549999999998,5.791666666666667,4.346249999999979,0.0,0.0,0,0.0,0,1
393,1362606,36586,51,1,0,1,AZ  ,0.0,0.0,2.0,77.0,30.318828282828278,2508.38,6.416666666666666,209.03166666666667,5500.0,0.0,1,1232.96,1,0
394,1362524,0,15,7,0,1,CA  ,1.0,619.05,1.0,26.0,18.13076923076923,471.3999999999999,2.1666666666666665,39.283333333333346,0.0,0.0,0,0.0,1,0
395,1362993,20702,30,0,1,3,MI  ,1.0,435.7,2.0,68.5,6.230898458266884,385.68500000000046,6.083333333333333,33.97128787878788,0.0,0.0,0,0.0,1,0
396,1363197,19088,52,2,2,2,CA  ,1.0,347.2,3.0,56.666666666666664,7.89980596440596,927.1699999999996,4.848484848484849,78.49979797979799,3000.0,0.0,1,645.09,1,0
397,1363258,9005,26,5,1,2,CA  ,1.0,845.68,2.0,40.0,0.28104395604395704,44.43000000000003,4.055555555555555,5.902916666666661,0.0,0.0,0,0.0,1,0
398,1363462,9495,25,4,2,3,MD  ,1.0,2034.99,3.0,30.0,24.609305555555547,619.2533333333331,2.606060606060606,52.11053030303031,3000.0,0.0,1,3000.0,1,0
399,1362503,5787,18,3,0,1,CA  ,0.0,0.0,1.0,99.0,16.564949494949495,1639.93,9.0,149.08454545454543,0.0,0.0,0,0.0,0,1
400,1362585,28093,69,9,0,2,IL  ,0.0,0.0,1.0,99.0,2.0683838383838467,204.7700000000008,9.9,20.476999999999986,0.0,0.0,0,0.0,0,1
401,1362972,59047,55,5,0,1,TX  ,1.0,680.94,2.0,24.0,32.19458333333333,772.6699999999998,2.090909090909091,69.53435606060604,3000.0,0.0,1,711.32,0,1
402,1363054,9738,56,6,1,2,WI  ,0.0,0.0,2.0,78.0,13.542916002126525,1342.1449999999995,6.5,111.84541666666664,1000.0,0.0,1,917.3,1,0
403,1363441,7169,39,9,0,1,AZ  ,0.0,0.0,3.0,56.333333333333336,12.311561871949477,445.5166666666671,5.094444444444445,39.79811111111112,1000.0,0.0,1,32.33,1,0
404,1362850,8961,86,6,0,4,NV  ,1.0,120.25,3.0,28.333333333333332,5.94215811965812,423.8666666666668,2.6527777777777777,32.13625,1000.0,0.0,1,37.88,0,1
405,1363237,57224,35,5,2,2,TX  ,1.0,756.74,3.0,37.333333333333336,2887.0170454545455,439.59333333333296,3.4166666666666665,2705.7033333333334,0.0,0.0,0,0.0,0,1
406,1362911,43737,66,6,0,2,CA  ,0.0,0.0,2.0,75.0,13.857608437314322,662.5150000000002,6.625,54.51859848484845,0.0,0.0,0,0.0,0,1
407,1362829,49553,53,3,1,2,PA  ,1.0,2510.16,3.0,56.0,9.637132187751883,613.3599999999999,4.666666666666667,51.11333333333334,2500.0,0.0,1,2033.41,1,0
408,1363176,2772,22,1,1,4,NJ  ,1.0,128.07,1.0,26.0,1.816153846153844,47.21999999999994,2.1666666666666665,3.934999999999993,0.0,0.0,0,0.0,1,0
409,1363298,56296,38,8,2,2,IL  ,0.0,0.0,1.0,99.0,73.63828282828281,7290.189999999999,8.25,607.5158333333334,0.0,0.0,0,0.0,0,1
410,1362768,0,16,1,0,1,IL  ,0.0,0.0,1.0,24.0,3.268333333333333,78.44,2.0,6.536666666666666,0.0,0.0,0,0.0,0,1
411,1362686,19019,70,0,0,4,PA  ,1.0,162.53,3.0,47.666666666666664,2.6208033315612234,135.9566666666665,4.148148148148148,12.242592592592585,3000.0,6.0,1,99.9,1,0
412,1362625,30165,37,7,3,2,FL  ,0.0,0.0,2.0,31.5,32.620809782608696,1288.5900000000001,3.865079365079365,143.8742857142857,4500.0,0.0,1,735.29,0,1
413,1363420,22369,32,2,0,1,MI  ,0.0,0.0,2.0,68.5,24.226342371079213,1705.175,5.708333333333333,142.09791666666666,1100.0,0.0,1,1011.2,1,0
414,1363216,13241,18,3,0,1,NY  ,1.0,105.54,3.0,60.666666666666664,7.841723944875113,573.4033333333338,5.055555555555556,47.78361111111112,1000.0,0.0,1,1000.0,1,0
415,1363012,77893,35,2,0,1,NY  ,1.0,481.77,2.0,55.5,5.307462121212121,551.43,4.625,45.95250000000002,0.0,0.0,0,0.0,0,1
416,1362808,31387,42,2,0,1,CA  ,0.0,0.0,2.0,56.0,73.41512820512821,1975.7900000000002,12.6875,946.97375,1600.0,0.0,1,1600.0,1,0
417,1363481,7642,66,6,0,2,CO  ,1.0,1606.92,2.0,66.0,21.094040404040406,637.2300000000001,5.875,52.43348484848485,0.0,0.0,0,0.0,1,0
418,1362665,0,14,6,0,1,CA  ,1.0,2144.37,1.0,37.0,2.5237837837837858,93.38000000000008,3.0833333333333335,7.781666666666671,0.0,0.0,0,0.0,1,0
419,1362604,28204,40,0,0,1,CA  ,1.0,233.76,1.0,40.0,0.03749999999999699,1.4999999999998794,3.3333333333333335,0.12499999999999052,0.0,0.0,0,0.0,1,0
420,1363134,19645,39,6,2,2,CA  ,0.0,0.0,1.0,22.0,7.412727272727272,163.07999999999998,3.6666666666666665,27.180000000000003,0.0,0.0,0,0.0,0,1
421,1363073,11821,29,8,0,2,CA  ,0.0,0.0,1.0,99.0,27.05383838383839,2678.3300000000004,9.0,243.48454545454544,0.0,0.0,0,0.0,0,1
422,1363399,1591,25,4,0,1,CA  ,0.0,0.0,2.0,52.0,40.34876767676769,140.24999999999946,5.783333333333333,37.29316666666667,1000.0,0.0,1,0.0,0,1
423,1363338,0,13,5,0,1,CA  ,1.0,675.18,1.0,26.0,14.763461538461534,383.8499999999999,2.1666666666666665,31.987499999999997,0.0,0.0,0,0.0,1,0
424,1362991,21657,49,9,0,1,TX  ,1.0,369.81,3.0,62.333333333333336,0.7910295664983161,181.9866666666666,5.194444444444444,15.165555555555537,3200.0,0.0,1,1343.81,1,0
425,1362930,0,17,2,0,1,TX  ,1.0,800.42,2.0,12.5,185.13424242424244,812.7750000000001,1.4166666666666665,196.4225,1000.0,0.0,1,0.0,0,1
426,1362726,14141,18,3,0,1,MO  ,0.0,0.0,2.0,71.5,10.193497474747478,402.1500000000001,6.783333333333333,32.12158333333336,3000.0,0.0,1,918.66,0,1
427,1363195,0,17,2,0,1,MO  ,1.0,764.77,3.0,46.666666666666664,8.882698032961192,27.956666666666553,4.416666666666667,30.107499999999998,1000.0,0.0,1,1000.0,0,1
428,1362848,0,15,7,0,1,CA  ,1.0,4844.42,1.0,24.0,17.501249999999995,420.0299999999999,2.0,35.00249999999999,0.0,0.0,0,0.0,1,0
429,1363317,18176,68,8,0,4,AZ  ,1.0,186.53,3.0,39.0,7.872343036529678,248.31666666666658,3.25,20.693055555555556,1000.0,0.0,1,307.6,1,0
430,1362644,3371,19,4,0,1,NY  ,1.0,132.42,3.0,23.0,2.9048809523809536,51.80000000000003,2.16969696969697,4.502626262626267,1000.0,0.0,1,463.65,1,0
431,1362909,98566,43,3,1,3,IL  ,1.0,1149.38,2.0,12.0,173.70958333333334,2084.5150000000003,1.7,415.9054999999999,4900.0,0.0,1,54.09,1,0
432,1363113,30163,38,1,3,2,CA  ,1.0,1241.78,2.0,14.5,17.686029411764704,309.34999999999997,1.5625,39.5375,4500.0,0.0,1,660.4,0,1
433,1362705,27635,40,0,2,4,MO  ,1.0,1415.16,3.0,61.333333333333336,1.6113368750396997,873.3466666666667,5.361111111111112,81.36719696969693,1400.0,0.0,1,413.11,1,0
434,1362501,65347,58,8,2,2,CA  ,0.0,0.0,2.0,44.5,137.02073593073595,1494.5800000000002,4.208333333333334,263.8716666666667,3300.0,0.0,1,47.2,1,0
435,1362766,102286,56,6,2,3,IL  ,1.0,22432.78,3.0,67.0,83.83400773694392,3268.2500000000005,6.6186868686868685,222.62792929292925,0.0,0.0,0,0.0,1,0
436,1362970,30276,45,1,0,1,CA  ,1.0,278.07,2.0,30.5,1.642593537414966,74.12,2.5416666666666665,6.176666666666667,0.0,0.0,0,0.0,1,0
437,1363235,25827,75,5,0,2,TN  ,0.0,0.0,1.0,99.0,18.386666666666663,1820.2799999999997,8.25,151.69,0.0,0.0,0,0.0,1,0
438,1363031,52542,35,5,3,4,CA  ,0.0,0.0,1.0,99.0,13.231919191919179,1309.9599999999987,8.25,109.16333333333336,0.0,0.0,0,0.0,0,1
439,1362562,63532,46,6,0,1,CA  ,1.0,3864.77,3.0,55.333333333333336,96.67060129068466,2833.410000000001,5.111111111111112,330.32551346801347,9500.0,0.0,1,9500.0,1,0
440,1362623,15554,73,3,0,2,TX  ,1.0,140.14,2.0,34.0,2.3862830687830687,129.745,3.5833333333333335,14.424722222222224,0.0,0.0,0,0.0,0,1
441,1362827,6228,84,4,0,2,NY  ,1.0,306.35,2.0,77.0,15.200010101010106,1403.1650000000004,6.416666666666666,116.93041666666664,0.0,0.0,0,0.0,1,0
442,1362888,56266,44,4,5,3,OR  ,0.0,0.0,2.0,104.0,28.1986785284033,3038.51,9.491666666666667,259.0082500000002,14100.0,0.0,1,6454.87,0,1
443,1363296,7302,19,4,0,1,KS  ,1.0,2505.34,3.0,76.0,7.496604070106379,902.5133333333337,6.583333333333332,81.53146464646464,3000.0,0.0,1,1001.67,1,0
444,1363092,6809,60,0,0,1,AZ  ,1.0,397.29,2.0,63.5,1.827573953823954,3.2650000000000006,5.291666666666667,0.27208333333333456,0.0,0.0,0,0.0,1,0
445,1362480,50890,33,3,2,2,NY  ,1.0,1187.97,3.0,52.333333333333336,25.657249255374253,728.6633333333334,4.441919191919192,65.64280303030303,0.0,0.0,0,0.0,0,1
446,1362949,0,16,1,0,1,CA  ,1.0,389.24,3.0,60.666666666666664,11.702865497076028,1028.4733333333336,5.41919191919192,94.22156565656569,3000.0,0.0,1,3000.0,0,1
447,1363214,8345,19,4,0,1,CA  ,0.0,0.0,1.0,99.0,41.50909090909091,4109.4,8.25,342.45000000000005,0.0,0.0,0,0.0,1,0
448,1362541,22362,63,3,0,2,IL  ,0.0,0.0,1.0,48.0,42.63875,2046.66,4.0,170.55499999999998,3400.0,10.0,1,2093.96,0,1
449,1363010,4424,18,3,0,1,CO  ,1.0,883.63,3.0,55.0,10.301195286195284,497.9533333333332,4.694444444444445,40.01121212121213,1000.0,0.0,1,648.51,0,1
450,1362602,31496,25,4,1,3,CA  ,1.0,2735.3,3.0,68.33333333333333,29.100153707178098,1628.1933333333338,6.2444444444444445,136.7821666666666,4700.0,0.0,1,1661.44,1,0
451,1362806,39382,24,3,1,3,IL  ,1.0,284.58,3.0,69.33333333333333,7.808788903528041,25.300000000000637,6.027777777777779,3.8077525252525106,5900.0,0.0,1,1541.64,0,1
452,1363071,1565,82,2,0,2,TX  ,0.0,0.0,3.0,56.666666666666664,23.54305274971942,1258.813333333333,5.347222222222221,126.08676767676768,1000.0,0.0,1,298.42,1,0
453,1363275,17773,37,7,3,2,MO  ,0.0,0.0,2.0,79.5,3.647931818181817,254.94499999999994,7.45,22.771416666666653,1000.0,0.0,1,805.19,1,0
454,1363336,33905,52,2,0,2,MN  ,1.0,126.05,2.0,69.0,22.484875679875685,2137.2950000000005,5.75,178.10791666666665,0.0,0.0,0,0.0,0,1
455,1362663,29030,44,4,0,1,TX  ,0.0,0.0,2.0,75.0,21.88064468211527,1153.125,6.625,96.67518939393936,4400.0,0.0,1,4400.0,0,1
456,1362928,20691,44,4,0,1,NY  ,0.0,0.0,2.0,89.5,1.6208661616161448,116.96999999999841,8.833333333333334,7.909444444444429,1000.0,0.0,1,596.11,0,1
457,1362520,58377,49,2,4,4,CA  ,0.0,0.0,2.0,72.0,19.312101010100978,801.9399999999985,6.375,65.89632575757575,0.0,0.0,0,0.0,1,0
458,1363193,30989,45,5,0,1,NY  ,1.0,598.57,3.0,40.0,4.629972771672779,104.47000000000033,3.3333333333333335,8.70583333333334,1500.0,0.0,1,1442.0,1,0
459,1363458,22025,44,3,1,2,OR  ,1.0,160.66,3.0,56.666666666666664,5.80195579450418,283.02666666666653,5.342592592592593,29.028148148148148,1100.0,0.0,1,596.63,1,0
460,1362785,43582,42,2,5,2,MO  ,1.0,337.9,1.0,22.0,0.5363636363636304,11.79999999999987,1.8333333333333333,0.9833333333333224,0.0,0.0,0,0.0,1,0
461,1363254,13317,19,4,0,1,IL  ,0.0,0.0,3.0,51.0,8.774634572839078,486.57000000000016,4.623737373737374,41.95353174603176,1000.0,0.0,1,31.04,1,0
462,1362642,6909,54,2,2,3,NY  ,1.0,91.21,3.0,67.0,1.7433816890700118,87.27333333333326,6.133333333333333,7.377499999999998,1000.0,0.0,1,1000.0,1,0
463,1362703,26886,34,4,0,2,CA  ,1.0,7144.39,3.0,64.0,9.633841928052453,1050.043333333333,5.583333333333333,96.44767676767678,1300.0,0.0,1,947.81,1,0
464,1363376,23883,75,5,0,2,WI  ,1.0,1345.44,1.0,36.0,27.825555555555567,1001.7200000000004,3.0,83.47666666666665,0.0,0.0,0,0.0,0,1
465,1362499,37180,65,5,0,2,NY  ,0.0,0.0,1.0,38.0,15.366052631578944,583.9099999999999,3.4545454545454546,53.08272727272728,1900.0,0.0,1,1900.0,0,1
466,1362968,17110,68,8,0,1,TX  ,1.0,510.19,2.0,62.0,5.613733333333331,137.9999999999998,5.991666666666667,11.44775000000001,0.0,0.0,0,0.0,1,0
467,1362764,25973,57,7,1,2,CA  ,0.0,0.0,1.0,99.0,4.552121212121213,450.6600000000001,9.0,40.96909090909093,0.0,0.0,0,0.0,0,1
468,1362825,10234,18,3,0,1,CA  ,1.0,50.77,3.0,56.0,8.21100168350168,821.2333333333331,4.75,68.12952020202019,1000.0,0.0,1,1000.0,1,0
469,1363233,37438,62,2,0,2,NY  ,0.0,0.0,2.0,58.0,33.407035056446816,2604.0499999999997,5.339285714285714,225.6824404761905,0.0,0.0,0,0.0,0,1
470,1363294,29536,43,3,0,2,CA  ,1.0,763.8,2.0,15.5,82.16304824561402,1567.6749999999997,10.0,1578.0104166666665,4400.0,0.0,1,3157.9,1,0
471,1363029,0,14,6,0,1,FL  ,1.0,304.93,1.0,24.0,2.528333333333333,60.679999999999986,2.0,5.056666666666669,0.0,0.0,0,0.0,0,1
472,1362682,29040,32,2,1,2,CA  ,1.0,243.79,2.0,38.5,28.148153846153846,1837.58,3.2083333333333335,153.13166666666666,0.0,0.0,0,0.0,0,1
473,1362621,3303,61,1,0,3,AZ  ,1.0,1498.4,3.0,37.333333333333336,31.568694885361555,924.2166666666668,3.3095238095238098,96.85932539682541,1000.0,0.0,1,1000.0,1,0
474,1363416,14769,31,1,3,2,CA  ,0.0,0.0,1.0,98.0,2.0929591836734684,205.1099999999999,8.909090909090908,18.64636363636363,0.0,0.0,0,0.0,1,0
475,1363090,0,16,1,0,1,TX  ,1.0,158.73,2.0,25.5,3.8041025641025654,151.06000000000006,2.125,12.588333333333338,0.0,0.0,0,0.0,1,0
476,1363008,35117,57,7,1,2,CO  ,1.0,9341.84,3.0,41.666666666666664,8.854271570941513,885.4566666666669,4.087301587301588,34.92654761904763,0.0,0.0,0,0.0,1,0
477,1363355,13087,22,1,0,2,MO  ,1.0,2229.96,2.0,33.5,31.73534090909092,1319.8100000000004,2.7916666666666665,109.9841666666667,3000.0,0.0,1,291.58,0,1
478,1363130,16238,33,3,2,4,KY  ,1.0,68.7,3.0,69.0,3.219257086999024,266.1533333333335,6.0,21.894444444444442,1000.0,0.0,1,80.56,0,1
479,1362947,8048,26,5,0,1,CA  ,0.0,0.0,1.0,12.0,82.69250000000001,992.3100000000002,1.7142857142857142,141.75857142857146,1000.0,0.0,1,1000.0,0,1
480,1362722,44196,30,0,1,2,NY  ,1.0,261.18,3.0,48.666666666666664,31.923376382876366,2309.429999999999,4.143939393939394,196.01686868686872,2200.0,0.0,1,1469.22,1,0
481,1362743,11946,60,0,0,4,TN  ,1.0,2885.15,3.0,60.333333333333336,10.3298223615465,1028.1866666666665,5.814814814814814,115.2942760942761,3000.0,0.0,1,3000.0,1,0
482,1363456,0,17,2,0,1,MD  ,0.0,0.0,1.0,61.0,15.382786885245892,938.3499999999995,5.545454545454546,85.30454545454545,0.0,0.0,0,0.0,1,0
483,1363212,9050,65,5,0,2,OH  ,0.0,0.0,2.0,70.0,10.556933973885192,487.035,6.658333333333333,42.12816666666667,3000.0,0.0,1,3000.0,1,0
484,1362579,17401,18,3,0,1,PA  ,0.0,0.0,2.0,92.5,10.806435283063191,951.0700000000002,8.083333333333334,80.50871212121214,0.0,0.0,0,0.0,0,1
485,1362804,68039,48,8,0,1,FL  ,1.0,450.37,3.0,56.666666666666664,30.19474506974508,246.88666666666745,5.098484848484849,22.42969696969691,10200.0,0.0,1,682.34,0,1
486,1362844,0,17,2,0,1,MA  ,1.0,1493.41,3.0,65.0,8.888139730639727,112.56999999999987,5.666666666666667,7.062146464646456,3000.0,0.0,1,584.13,0,1
487,1363313,19639,25,4,1,2,TX  ,0.0,0.0,2.0,62.0,17.11718585858585,368.2549999999996,5.375,38.15608333333333,1000.0,0.0,1,11.12,1,0
488,1363334,0,17,2,0,1,MN  ,1.0,478.96,2.0,64.5,2.8995858585858594,34.45000000000002,5.375,2.870833333333347,0.0,0.0,0,0.0,1,0
489,1362701,38917,51,1,0,2,CA  ,1.0,1805.16,2.0,32.5,30.850128205128208,803.0950000000001,2.856060606060606,66.9471212121212,5800.0,0.0,1,0.0,1,0
490,1362661,19649,66,5,0,2,NY  ,1.0,2226.62,2.0,48.5,17.709798245614035,708.8899999999999,4.041666666666667,59.07416666666666,1000.0,0.0,1,1000.0,0,1
491,1363170,0,17,2,0,1,IL  ,0.0,0.0,2.0,77.0,10.419191919191926,1108.1200000000006,6.416666666666666,92.34333333333333,1000.0,0.0,1,904.09,1,0
492,1362926,6479,65,5,0,2,OH  ,1.0,1230.28,3.0,59.333333333333336,2.289046581405451,1034.0366666666666,4.944444444444445,86.1697222222222,1000.0,0.0,1,1000.0,1,0
493,1363435,12307,29,8,1,2,TN  ,0.0,0.0,2.0,73.5,12.171006944444443,1170.595,6.125,97.54958333333335,1000.0,0.0,1,643.34,0,1
494,1363395,14011,29,8,2,3,AZ  ,1.0,136.18,3.0,47.0,23.39485185185185,460.6033333333332,4.194444444444445,60.73333333333331,0.0,0.0,0,0.0,1,0
495,1363191,26112,36,6,0,2,TN  ,0.0,0.0,1.0,73.0,0.665342465753426,48.5700000000001,6.636363636363637,4.41545454545455,0.0,0.0,0,0.0,0,1
496,1362823,43381,48,8,0,1,PA  ,1.0,491.88,3.0,26.0,46.5125873015873,615.73,2.5833333333333335,112.25722222222221,0.0,0.0,0,0.0,0,1
497,1362783,16168,49,9,0,1,TX  ,1.0,699.58,2.0,61.0,12.627584541062804,551.7900000000002,5.083333333333333,45.98249999999999,0.0,0.0,0,0.0,0,1
498,1362680,8282,73,3,0,2,CA  ,0.0,0.0,2.0,61.0,18.452872200263506,189.15000000000003,5.5625,36.413124999999994,1000.0,0.0,1,1000.0,1,0
499,1363252,0,16,1,0,1,CA  ,1.0,181.99,3.0,47.666666666666664,1.392020202020202,89.66666666666669,4.1499999999999995,7.9077777777777705,1000.0,0.0,1,1000.0,1,0
500,1363048,43408,40,0,4,2,OK  ,0.0,0.0,1.0,99.0,1.2986868686868747,128.5700000000006,9.9,12.856999999999994,0.0,0.0,0,0.0,1,0
501,1362537,0,13,5,0,1,NY  ,1.0,1603.69,1.0,28.0,52.93785714285713,1482.2599999999998,2.3333333333333335,123.52166666666669,0.0,0.0,0,0.0,1,0
502,1362640,3726,71,1,0,2,AZ  ,1.0,1698.93,2.0,50.0,22.022791208791215,949.0300000000002,4.166666666666667,79.08583333333331,3000.0,0.0,1,751.28,1,0
503,1363006,4366,61,1,0,2,TX  ,1.0,245.66,3.0,46.333333333333336,25.425240500240502,1158.8400000000001,4.016666666666667,105.5555,3000.0,0.0,1,1628.72,1,0
504,1363109,8997,23,2,2,2,TX  ,0.0,0.0,1.0,99.0,22.59828282828283,2237.23,8.25,186.4358333333333,0.0,0.0,0,0.0,0,1
505,1363475,24815,32,2,2,2,OH  ,0.0,0.0,2.0,73.5,28.454633838383835,1297.0599999999997,6.95,105.86366666666666,3700.0,0.0,1,727.2,0,1
506,1362905,11613,39,5,2,2,CA  ,1.0,688.98,3.0,47.333333333333336,7.490001390718778,861.0966666666664,4.129629629629629,72.2124074074074,1000.0,0.0,1,915.75,1,0
507,1362598,49437,47,7,2,2,NC  ,0.0,0.0,2.0,43.5,25.907323284823285,2468.5,4.628571428571429,206.79378571428572,0.0,0.0,0,0.0,1,0
508,1363374,6132,21,0,0,1,OH  ,1.0,601.14,2.0,25.0,2.383179824561403,109.78999999999998,2.083333333333333,9.149166666666666,1000.0,0.0,1,0.0,0,1
509,1362497,0,14,6,0,1,TX  ,1.0,10.86,1.0,37.0,15.19162162162162,562.0899999999999,3.0833333333333335,46.84083333333333,0.0,0.0,0,0.0,0,1
510,1363332,58217,55,3,2,2,MN  ,0.0,0.0,1.0,22.0,95.32545454545452,2097.1599999999994,2.0,190.65090909090907,0.0,0.0,0,0.0,1,0
511,1362966,11041,83,3,0,2,TX  ,1.0,124.13,3.0,67.0,1.0360698412698393,210.48333333333323,5.833333333333333,23.186489898989905,3000.0,0.0,1,1586.27,1,0
512,1363128,4187,19,4,0,1,VA  ,1.0,2211.69,3.0,23.666666666666668,8.307006172839506,275.46,2.1222222222222222,23.732777777777784,3000.0,0.0,1,140.0,1,0
513,1362619,32152,32,2,0,2,TX  ,1.0,1133.1,3.0,37.333333333333336,1291.4575168350168,208.81666666666698,3.4166666666666665,1210.6080555555557,8000.0,0.0,1,0.0,1,0
514,1362720,18806,19,4,0,1,IL  ,1.0,1497.85,3.0,60.333333333333336,3.7826106301106264,337.5066666666664,35.51111111111111,295.67055555555527,1000.0,0.0,1,1000.0,0,1
515,1363088,28975,54,4,2,2,TX  ,1.0,1426.1,3.0,62.0,8.661273849607182,345.80999999999995,5.853030303030303,30.708964646464647,1400.0,0.0,1,739.86,0,1
516,1362985,11485,70,0,0,2,IN  ,1.0,1967.7,3.0,64.66666666666667,1.8817976373908578,274.5766666666667,10.888888888888888,78.50416666666666,1000.0,0.0,1,1000.0,1,0
517,1363353,39832,58,6,0,1,IL  ,0.0,0.0,3.0,64.66666666666667,3.3732193169149602,1507.086666666666,6.454761904761905,125.49710317460313,6000.0,0.0,1,1504.14,0,1
518,1363454,8120,65,5,0,4,NY  ,1.0,782.26,3.0,69.66666666666667,5.2147085322085305,66.36999999999993,5.805555555555556,5.530833333333331,3000.0,0.0,1,1336.4,1,0
519,1362945,13901,76,6,0,2,NY  ,0.0,0.0,3.0,53.0,19.680389730639728,408.96333333333337,5.0732323232323235,67.96896464646467,3000.0,0.0,1,505.56,1,0
520,1362577,86055,50,0,2,3,PA  ,0.0,0.0,2.0,60.0,43.783593073593075,1162.3900000000003,5.079545454545455,103.33590909090911,4300.0,0.0,1,1808.22,0,1
521,1363414,25869,54,4,1,4,OH  ,1.0,1411.05,3.0,53.333333333333336,4.631229677729677,111.03666666666662,4.545454545454546,8.99542929292929,1300.0,0.0,1,202.13,1,0
522,1363046,9307,41,1,0,1,CA  ,1.0,561.55,2.0,60.0,9.607316017316016,1614.7,5.0,134.55833333333334,0.0,0.0,0,0.0,1,0
523,1363210,19891,70,0,0,4,LA  ,1.0,52.26,3.0,54.333333333333336,14.072717652717657,941.5233333333339,4.527777777777778,78.46027777777779,1000.0,0.0,1,889.68,0,1
524,1363311,54734,50,0,0,2,CA  ,1.0,299.67,3.0,46.0,112.99501683501683,4361.906666666666,4.166666666666667,438.4922222222223,2700.0,0.0,1,2700.0,0,1
525,1363271,7467,41,1,0,1,TX  ,1.0,678.94,3.0,58.666666666666664,3.413324915824919,236.22999999999982,5.138888888888888,24.356843434343403,3000.0,0.0,1,1179.95,1,0
526,1362903,29570,49,3,0,1,TX  ,1.0,3704.8,2.0,29.5,11.897354312354313,340.46000000000004,2.583333333333333,29.483409090909092,1500.0,0.0,1,1500.0,1,0
527,1363067,22721,53,2,2,2,IL  ,1.0,288.33,2.0,55.5,1.022929292929292,116.92999999999991,4.625,9.744166666666656,0.0,0.0,0,0.0,1,0
528,1362699,23476,19,4,0,1,TX  ,0.0,0.0,2.0,75.0,2.8902525252525315,61.5750000000005,7.075,2.180916666666615,1200.0,0.0,1,677.69,0,1
529,1362659,0,14,6,0,1,MI  ,1.0,315.94,1.0,54.0,4.812962962962962,259.9,4.5,21.658333333333335,0.0,0.0,0,0.0,0,1
530,1363168,94123,51,1,2,2,IL  ,1.0,2333.47,2.0,62.0,40.030145454545476,5624.610000000002,5.166666666666667,468.7175,0.0,0.0,0,0.0,0,1
531,1362924,4804,74,4,0,2,MD  ,1.0,5287.76,3.0,38.666666666666664,20.28658333333333,1144.633333333333,3.3555555555555556,100.92911111111111,1000.0,0.0,1,1000.0,0,1
532,1363433,6576,45,5,0,1,NM  ,0.0,0.0,2.0,48.5,9.873996913580248,393.525,4.375,20.55458333333334,1000.0,0.0,1,0.0,0,1
533,1363393,0,16,1,0,1,NY  ,0.0,0.0,2.0,94.0,5.766512881625243,514.705,9.545454545454547,47.08843434343438,1000.0,0.0,1,1000.0,1,0
534,1362556,56088,46,6,0,1,NC  ,1.0,439.42,2.0,32.0,17.398095238095234,766.7199999999998,2.6666666666666665,63.893333333333295,0.0,0.0,0,0.0,0,1
535,1362516,29417,33,3,3,4,OK  ,0.0,0.0,2.0,32.0,13.744000000000003,383.3300000000001,2.666666666666667,31.944166666666675,1500.0,0.0,1,430.72,0,1
536,1363025,0,14,6,0,1,IN  ,0.0,0.0,1.0,26.0,93.29692307692306,2425.72,3.7142857142857144,346.5314285714286,0.0,0.0,0,0.0,1,0
537,1362781,31013,31,1,0,1,NC  ,1.0,2797.34,2.0,56.5,40.91522227772228,843.3349999999996,4.708333333333333,70.27791666666664,0.0,0.0,0,0.0,0,1
538,1363250,39754,57,7,2,2,CA  ,0.0,0.0,1.0,99.0,4.042323232323251,400.1900000000019,9.0,36.38090909090914,0.0,0.0,0,0.0,0,1
539,1363290,0,15,0,0,1,CA  ,1.0,2594.47,1.0,32.0,11.408750000000003,365.0800000000001,2.6666666666666665,30.423333333333332,0.0,0.0,0,0.0,1,0
540,1362638,7008,40,0,1,4,CA  ,0.0,0.0,1.0,57.0,2.2071929824561343,125.80999999999966,4.75,10.484166666666658,0.0,0.0,0,0.0,1,0
541,1362882,44071,39,9,3,2,IL  ,0.0,0.0,2.0,51.5,86.56289377289374,903.6299999999995,4.991666666666666,198.88516666666666,2200.0,0.0,1,33.52,1,0
542,1363107,20184,41,1,0,1,FL  ,0.0,0.0,2.0,25.0,4.899285714285714,83.32999999999998,2.9722222222222223,7.673888888888884,3000.0,0.0,1,89.15,1,0
543,1363351,0,15,7,0,1,MA  ,0.0,0.0,1.0,4.0,0.27,1.08,1.0,0.27,0.0,0.0,0,0.0,1,0
544,1362964,5779,79,9,0,2,WI  ,0.0,0.0,3.0,45.666666666666664,14.771286826599328,823.7166666666667,3.972222222222222,68.61805555555556,1000.0,0.0,1,1000.0,1,0
545,1363147,20870,48,8,5,2,CA  ,1.0,1152.38,3.0,61.0,9.454972643097642,318.1833333333333,5.204545454545454,26.65484848484849,1000.0,0.0,1,202.99,1,0
546,1362760,43691,68,8,0,2,CA  ,0.0,0.0,1.0,57.0,105.52508771929821,6014.9299999999985,4.75,501.2441666666667,0.0,0.0,0,0.0,0,1
547,1363208,2701,70,0,0,2,IL  ,1.0,1094.05,2.0,69.5,11.589568181818185,451.30000000000024,7.166666666666667,37.0358333333333,0.0,0.0,0,0.0,1,0
548,1363229,7701,25,4,1,2,KY  ,1.0,536.08,2.0,43.5,0.9636574074074038,54.21999999999983,3.852272727272727,4.906780303030315,3000.0,0.0,1,1143.13,0,1
549,1363004,19319,24,3,0,2,TX  ,1.0,169.81,3.0,35.0,2.0984025096525074,40.38999999999989,2.9166666666666665,3.365833333333324,1000.0,0.0,1,505.43,0,1
550,1362821,7826,18,3,0,1,IL  ,0.0,0.0,2.0,30.0,55.40688679245282,331.04499999999996,2.908333333333333,30.42483333333334,1000.0,0.0,1,0.0,0,1
551,1362596,0,15,0,0,1,TX  ,1.0,259.05,1.0,26.0,10.97692307692308,285.4000000000001,2.1666666666666665,23.783333333333328,0.0,0.0,0,0.0,1,0
552,1362617,13781,50,0,0,2,AZ  ,1.0,138.02,3.0,26.666666666666668,8.91075058275058,162.76333333333335,2.4027777777777777,17.816527777777768,1000.0,0.0,1,306.84,1,0
553,1363086,0,16,1,0,1,OK  ,1.0,1196.95,2.0,27.0,59.53194950911641,1670.84,2.5083333333333333,158.71533333333332,3000.0,0.0,1,130.9,1,0
554,1362718,50980,51,1,1,2,IL  ,1.0,1918.23,3.0,12.0,56.44416666666666,677.3299999999999,1.4666666666666668,132.85733333333334,2500.0,0.0,1,78.8,0,1
555,1362535,26548,46,5,4,4,NY  ,0.0,0.0,1.0,73.0,2.8376712328767124,207.15,6.083333333333333,17.2625,1300.0,1.0,1,0.0,1,0
556,1363187,46712,47,7,3,3,CA  ,1.0,335.7,3.0,47.0,6.415952861952868,275.306666666667,4.242424242424242,25.040505050505047,2300.0,0.0,1,2300.0,1,0
557,1363452,20926,70,0,0,4,NY  ,1.0,1874.79,2.0,69.5,6.289430555555555,221.2249999999999,6.166666666666667,18.04958333333333,0.0,0.0,0,0.0,0,1
558,1362657,27946,39,8,0,1,CA  ,0.0,0.0,1.0,79.0,1.6046835443038094,126.77000000000095,6.583333333333333,10.564166666666656,4200.0,0.0,1,0.0,1,0
559,1363044,15895,46,6,1,2,DC  ,0.0,0.0,1.0,47.0,7.886382978723404,370.65999999999997,3.9166666666666665,30.888333333333318,1000.0,0.0,1,523.08,1,0
560,1363126,58749,50,0,2,2,VA  ,1.0,3138.91,3.0,57.333333333333336,18.006357092264096,2027.8766666666668,5.027777777777778,183.01373737373737,2900.0,0.0,1,2900.0,1,0
561,1363391,15744,50,0,2,2,NY  ,0.0,0.0,1.0,99.0,2.1697979797979765,214.8099999999997,8.25,17.900833333333306,0.0,0.0,0,0.0,1,0
562,1362697,5848,83,3,0,1,FL  ,1.0,596.47,2.0,60.0,13.50666666666667,1337.29,5.0,111.44083333333334,3000.0,0.0,1,0.0,1,0
563,1362758,11982,33,3,0,1,TN  ,0.0,0.0,1.0,99.0,21.93121212121213,2171.190000000001,9.0,197.38090909090909,0.0,0.0,0,0.0,1,0
564,1362636,10250,69,9,0,1,DC  ,0.0,0.0,2.0,79.0,12.475775552131482,1272.8949999999998,6.583333333333334,106.07458333333335,1000.0,0.0,1,1000.0,0,1
565,1363370,6700,23,2,0,1,NY  ,1.0,149.17,2.0,26.0,5.264499999999999,213.16999999999996,2.3181818181818183,19.387499999999985,1000.0,0.0,1,746.6,0,1
566,1363492,142274,54,4,0,3,TX  ,1.0,1116.1,3.0,51.0,22.429297898525487,952.5099999999999,4.5,82.51843434343435,7100.0,0.0,1,6869.0,0,1
567,1362962,2858,83,3,0,4,CA  ,0.0,0.0,2.0,84.5,4.0129466089466055,280.4199999999998,7.416666666666666,23.355757575757615,1000.0,0.0,1,609.74,0,1
568,1362880,0,13,5,0,1,OR  ,1.0,551.31,1.0,51.0,6.257254901960785,319.12,4.25,26.59333333333333,0.0,0.0,0,0.0,0,1
569,1363227,14959,21,0,0,1,NY  ,0.0,0.0,2.0,67.5,4.0225378787878805,116.39999999999986,5.625,9.700000000000003,3000.0,0.0,1,588.15,0,1
570,1363288,41064,55,5,1,2,CA  ,1.0,244.85,3.0,59.333333333333336,5.256320666340823,23.983333333333672,5.194444444444445,3.9006565656565964,2100.0,0.0,1,1980.9,1,0
571,1362737,43710,31,1,2,3,NY  ,0.0,0.0,2.0,84.0,50.32987483530962,3547.8749999999995,9.6375,360.984375,6600.0,0.0,1,6600.0,1,0
572,1363084,34791,52,2,2,2,OK  ,0.0,0.0,2.0,57.5,65.41806818181819,2121.6899999999996,5.125,211.78500000000003,1700.0,0.0,1,1700.0,1,0
573,1363206,42031,32,2,0,1,CA  ,0.0,0.0,1.0,29.0,189.32586206896545,5490.449999999998,3.625,686.30625,6300.0,0.0,1,5490.45,1,0
574,1363471,30015,30,0,2,2,FL  ,1.0,1777.03,3.0,58.0,2.568327615780445,584.2199999999998,5.75,49.14999999999998,4500.0,0.0,1,3229.66,0,1
575,1363145,6390,41,1,0,2,NJ  ,0.0,0.0,2.0,56.0,12.802202797202797,158.41500000000008,5.425,32.75925000000001,0.0,0.0,0,0.0,0,1
576,1362594,69205,53,3,2,2,TX  ,1.0,6619.84,3.0,63.666666666666664,72.12952596136807,1760.4233333333334,5.855555555555555,179.96929797979794,0.0,0.0,0,0.0,0,1
577,1362941,18377,36,6,2,2,TX  ,0.0,0.0,2.0,63.0,11.875791245791246,205.05000000000013,6.1875,31.049829545454564,0.0,0.0,0,0.0,1,0
578,1363410,28518,31,1,2,3,AZ  ,1.0,895.56,2.0,35.5,29.197309322033895,1774.3999999999999,2.9583333333333335,147.86666666666667,1400.0,0.0,1,0.0,0,1
579,1363328,18466,31,1,2,3,OK  ,1.0,1308.55,3.0,31.0,8.039702820719768,382.40000000000003,2.9128787878787876,25.59324494949495,1000.0,0.0,1,538.93,0,1
580,1363002,40795,66,6,0,2,NY  ,0.0,0.0,2.0,127.0,1.8536862170087722,76.12499999999659,11.408333333333333,12.566499999999966,6100.0,0.0,1,2684.46,1,0
581,1362920,5781,80,0,0,1,PA  ,1.0,739.98,2.0,27.5,15.593653100775192,698.75,2.291666666666667,58.22916666666667,1000.0,0.0,1,0.0,1,0
582,1363267,84184,37,7,0,1,TX  ,1.0,1699.39,3.0,57.666666666666664,1.4384894660894574,286.22333333333387,5.327777777777778,31.980242424242444,12600.0,6.0,1,1271.39,0,1
583,1363389,1814,18,3,0,1,MI  ,1.0,177.4,2.0,68.0,18.846605241605232,1411.2449999999992,5.666666666666667,117.60375000000002,0.0,0.0,0,0.0,1,0
584,1363185,7353,19,4,0,1,OH  ,0.0,0.0,2.0,58.5,36.86585858585859,1418.44,5.025,126.46733333333334,1000.0,0.0,1,1000.0,0,1
585,1362512,15432,62,2,0,1,CA  ,0.0,0.0,3.0,47.666666666666664,0.7501411551411579,548.6433333333335,4.466666666666667,50.28542424242423,3000.0,0.0,1,1880.46,1,0
586,1362777,21746,30,0,3,4,CA  ,1.0,29.46,2.0,96.0,9.526511612475122,1083.2550000000006,8.0,90.27124999999992,3300.0,0.0,1,1868.87,1,0
587,1362981,16276,40,0,3,4,IL  ,0.0,0.0,1.0,99.0,0.8244444444444293,81.6199999999985,11.0,9.0688888888889,0.0,0.0,0,0.0,1,0
588,1362573,40798,36,6,2,2,NY  ,1.0,10399.11,2.0,69.5,25.36924873737373,2280.1649999999995,5.791666666666667,190.01375000000007,0.0,0.0,0,0.0,0,1
589,1363450,4859,29,8,1,4,CA  ,1.0,1018.62,2.0,63.0,16.278164983164988,434.7650000000002,5.25,36.2304166666667,0.0,0.0,0,0.0,1,0
590,1362838,21460,53,2,0,2,AZ  ,1.0,1013.94,1.0,48.0,15.299375,734.37,4.0,61.19749999999999,0.0,0.0,0,0.0,1,0
591,1362899,43715,33,3,2,2,IL  ,1.0,1823.77,1.0,12.0,4.4866666666666655,53.83999999999999,1.0,4.486666666666666,0.0,0.0,0,0.0,1,0
592,1363307,2684,26,2,0,1,IL  ,0.0,0.0,3.0,72.0,3.2812217412217426,379.29333333333346,6.633333333333333,45.3141212121212,3000.0,0.0,1,1199.3,1,0
593,1363164,24300,47,7,0,1,NY  ,1.0,258.05,3.0,72.66666666666667,1.87442455759529,189.9000000000001,6.0555555555555545,15.825000000000015,1200.0,0.0,1,1200.0,0,1
594,1363103,44307,33,3,3,2,CA  ,0.0,0.0,2.0,66.0,22.109494949494945,539.2299999999996,6.15,56.51913636363632,0.0,0.0,0,0.0,0,1
595,1363490,0,15,7,0,1,HI  ,1.0,2301.53,1.0,12.0,2.8533333333333335,34.24,1.0,2.8533333333333335,0.0,0.0,0,0.0,1,0
596,1362960,57642,59,9,1,2,NC  ,1.0,6273.27,2.0,36.5,19.364981060606056,779.9149999999997,3.375,78.40916666666669,8600.0,0.0,1,8600.0,0,1
597,1362613,7005,77,7,0,3,TX  ,1.0,338.98,2.0,31.0,7.40797268907563,262.83500000000004,2.8666666666666667,27.136249999999997,1000.0,0.0,1,1000.0,1,0
598,1363429,13058,27,6,2,2,TX  ,1.0,171.9,3.0,12.333333333333334,31.945384615384622,415.09666666666675,2.111111111111111,137.78555555555556,0.0,0.0,0,0.0,1,0
599,1363082,36464,32,2,0,1,TX  ,0.0,0.0,2.0,62.5,26.02217398764584,2390.999999999999,5.325757575757576,199.45534090909086,1800.0,0.0,1,907.82,0,1
600,1362552,8005,33,3,2,3,CA  ,0.0,0.0,2.0,79.0,1.6986423557609982,141.62999999999985,6.806818181818182,12.099015151515136,1000.0,0.0,1,493.17,1,0
601,1362817,8259,29,8,2,4,CO  ,1.0,754.8,3.0,55.0,0.622158249158249,18.049999999999915,4.674242424242425,3.187803030303023,1000.0,0.0,1,1000.0,0,1
602,1363347,0,15,0,0,1,AZ  ,1.0,512.64,1.0,33.0,8.51181818181818,280.88999999999993,2.75,23.407499999999995,0.0,0.0,0,0.0,0,1
603,1363286,8423,38,4,0,2,OH  ,0.0,0.0,2.0,55.0,40.766666666666666,650.4999999999998,4.910714285714286,19.339285714285737,0.0,0.0,0,0.0,1,0
604,1362939,47267,54,4,1,4,NY  ,1.0,1173.89,3.0,69.33333333333333,22.644353169374906,1776.8099999999997,7.152777777777778,162.18138888888893,7100.0,0.0,1,772.03,0,1
605,1362674,0,16,1,0,1,TX  ,0.0,0.0,2.0,57.5,15.246038510101009,1197.615,6.5,133.90298611111112,0.0,0.0,0,0.0,0,1
606,1362735,16986,40,0,0,1,NJ  ,1.0,288.87,3.0,53.0,40.584962962962955,1848.9499999999996,14.958333333333334,1108.4926388888887,3000.0,0.0,1,3000.0,1,0
607,1363408,36603,65,5,0,2,NY  ,1.0,1056.1,3.0,54.0,0.819451843705874,56.01333333333336,5.494949494949495,7.926481481481467,1800.0,0.0,1,1800.0,0,1
608,1363204,23294,51,1,1,2,IL  ,0.0,0.0,1.0,34.0,34.56911764705883,1175.3500000000004,3.090909090909091,106.85,1200.0,0.0,1,1200.0,1,0
609,1362531,44742,31,1,2,2,IL  ,0.0,0.0,2.0,65.5,14.939846906565649,1637.614999999999,5.458333333333333,136.4679166666667,2200.0,0.0,1,2200.0,1,0
610,1363469,0,17,2,0,1,KY  ,1.0,1701.12,2.0,62.5,6.256886169386167,123.1299999999998,5.208333333333333,10.260833333333334,0.0,0.0,0,0.0,1,0
611,1362796,18663,39,9,3,2,WA  ,1.0,1087.47,2.0,17.0,9.410113636363636,205.435,1.4166666666666665,17.119583333333335,0.0,0.0,0,0.0,0,1
612,1362592,65024,43,3,0,2,OH  ,0.0,0.0,2.0,63.5,37.31752705627706,837.2049999999994,5.9,86.35313636363635,0.0,0.0,0,0.0,1,0
613,1363265,24843,61,1,0,2,NY  ,1.0,900.52,3.0,57.333333333333336,1.0618086956521762,630.0866666666666,4.777777777777778,52.5072222222222,1200.0,0.0,1,133.12,0,1
614,1363326,75890,40,0,0,3,CA  ,1.0,578.09,2.0,31.0,20.661310832025123,1001.5350000000001,3.263888888888889,111.1726388888889,3800.0,0.0,1,0.0,0,1
615,1362857,8088,84,4,0,1,WI  ,1.0,196.62,3.0,59.666666666666664,8.537552308802312,286.02666666666676,4.972222222222222,23.835555555555544,1000.0,0.0,1,357.0,0,1
616,1362918,17174,81,1,0,2,CA  ,1.0,270.7,3.0,55.0,5.35738516113516,238.97666666666657,4.9393939393939394,21.604015151515153,1000.0,0.0,1,1000.0,0,1
617,1362653,31641,47,7,2,2,TX  ,0.0,0.0,2.0,65.5,16.33812342171717,373.19000000000017,6.125,55.861041666666665,1600.0,0.0,1,1188.57,1,0
618,1363387,4247,55,5,1,2,MI  ,1.0,110.52,3.0,56.333333333333336,2.244536704766969,245.55333333333343,4.872222222222222,20.50555555555557,1000.0,0.0,1,1000.0,1,0
619,1362714,14458,49,9,0,2,IN  ,0.0,0.0,1.0,60.0,4.658833333333334,279.53000000000003,5.0,23.2941666666667,1000.0,0.0,1,457.29,1,0
620,1363183,46870,59,9,0,2,CA  ,0.0,0.0,1.0,99.0,59.40727272727274,5881.3200000000015,8.25,490.1100000000001,0.0,0.0,0,0.0,0,1
621,1362510,10800,89,9,0,2,IN  ,0.0,0.0,1.0,95.0,27.259684210526313,2589.6699999999996,7.916666666666667,215.80583333333334,0.0,0.0,0,0.0,1,0
622,1362775,12072,69,9,0,2,TN  ,0.0,0.0,1.0,33.0,3.6106060606060635,119.15000000000009,3.3,11.914999999999992,1000.0,0.0,1,629.25,1,0
623,1362979,12664,55,5,1,4,IL  ,0.0,0.0,1.0,99.0,0.38252525252525316,37.87000000000006,9.0,3.4427272727272613,0.0,0.0,0,0.0,1,0
624,1363448,27239,57,7,0,1,CA  ,1.0,1763.31,3.0,60.333333333333336,14.357707431457436,1304.8400000000004,5.027777777777778,108.73666666666668,1400.0,0.0,1,1400.0,0,1
625,1363040,38803,41,1,2,2,NY  ,1.0,37.27,2.0,22.0,58.580170940170945,1119.3400000000001,2.083333333333333,118.5123611111111,1900.0,0.0,1,1900.0,0,1
626,1362571,6108,19,4,0,1,NM  ,1.0,1741.09,3.0,43.666666666666664,8.889998216515067,236.28666666666655,4.25,21.893666666666665,1000.0,0.0,1,959.28,0,1
627,1362632,49863,55,5,0,2,TX  ,0.0,0.0,1.0,99.0,68.42696969696968,6774.269999999998,8.25,564.5225,0.0,0.0,0,0.0,0,1
628,1362836,5920,66,6,0,3,TN  ,0.0,0.0,3.0,61.666666666666664,1.622411431387043,85.16000000000001,5.802525252525252,6.329166666666673,1000.0,0.0,1,1000.0,1,0
629,1362897,0,17,2,0,1,NY  ,0.0,0.0,1.0,99.0,1.0079797979797995,99.79000000000016,9.0,9.071818181818198,0.0,0.0,0,0.0,0,1
630,1363305,23731,22,1,0,2,AZ  ,0.0,0.0,1.0,99.0,2.8638383838383876,283.5200000000004,8.25,23.626666666666647,0.0,0.0,0,0.0,0,1
631,1363366,62234,30,0,3,2,NY  ,1.0,7471.81,1.0,40.0,175.16299999999998,7006.5199999999995,3.3333333333333335,583.8766666666667,0.0,0.0,0,0.0,1,0
632,1363101,52903,40,0,0,3,TX  ,1.0,6015.58,2.0,30.5,19.76666666666666,967.9449999999997,2.5416666666666665,80.66208333333334,7900.0,0.0,1,2054.32,1,0
633,1362489,55888,35,5,2,3,TN  ,1.0,373.65,3.0,52.0,7.893886002886003,199.87333333333322,4.657407407407407,32.342962962962986,0.0,0.0,0,0.0,1,0
634,1362693,2620,22,1,0,1,PA  ,1.0,10.34,3.0,48.0,23.766117123617125,1014.7033333333335,4.416666666666667,103.38400793650794,1000.0,0.0,1,1000.0,0,1
635,1362754,12158,35,5,3,4,CA  ,1.0,240.75,3.0,45.333333333333336,7.941802248677249,842.3499999999999,3.925925925925926,69.49944444444445,3000.0,0.0,1,0.0,1,0
636,1363427,83366,46,6,0,1,NY  ,0.0,0.0,2.0,61.0,67.88746376811594,1586.7449999999992,5.995454545454546,144.54954545454538,0.0,0.0,0,0.0,1,0
637,1363223,24368,33,3,3,2,NJ  ,1.0,2771.42,3.0,53.333333333333336,7.7483534151034155,972.8100000000001,4.545454545454546,80.75838383838385,3700.0,0.0,1,586.29,1,0
638,1362550,0,15,0,0,1,NY  ,1.0,487.77,1.0,26.0,5.783076923076924,150.36,2.1666666666666665,12.529999999999994,0.0,0.0,0,0.0,0,1
639,1362611,24115,48,8,1,2,TX  ,0.0,0.0,2.0,23.0,27.47590909090909,1224.69,2.5,111.02863636363637,3600.0,0.0,1,133.87,1,0
640,1363080,0,13,5,0,1,HI  ,1.0,691.59,1.0,21.0,17.63952380952381,370.42999999999995,1.75,30.86916666666667,0.0,0.0,0,0.0,1,0
641,1362815,0,17,2,0,1,IL  ,1.0,348.98,3.0,48.333333333333336,26.381155918155923,1068.2366666666674,4.078282828282828,91.53962121212122,1000.0,0.0,1,1000.0,0,1
642,1363345,54713,55,5,1,2,AZ  ,0.0,0.0,2.0,72.0,10.268838383838384,1016.3749999999997,6.0,84.6979166666667,2700.0,0.0,1,2700.0,1,0
643,1363284,36614,38,5,1,4,FL  ,1.0,860.93,3.0,55.666666666666664,5.694991413701096,62.78000000000035,4.844444444444444,5.905277777777775,1800.0,0.0,1,965.92,0,1
644,1362937,46461,52,2,1,2,TX  ,0.0,0.0,2.0,69.5,24.397169191919197,1013.4650000000003,6.125,100.2955833333334,0.0,0.0,0,0.0,0,1
645,1362590,2466,62,2,0,1,IN  ,1.0,558.44,2.0,41.0,11.666773809523807,856.5249999999999,3.4166666666666665,71.37708333333332,0.0,0.0,0,0.0,0,1
646,1362672,16319,50,0,1,2,TX  ,0.0,0.0,2.0,42.0,2.9980026338893753,132.3250000000001,34.5625,231.4493750000001,1000.0,0.0,1,226.57,1,0
647,1363059,24744,30,0,0,1,CA  ,0.0,0.0,2.0,64.5,35.959545454545456,2279.1250000000005,5.625,199.20874999999998,1200.0,0.0,1,1200.0,1,0
648,1363141,18920,51,1,0,1,MO  ,1.0,528.57,2.0,65.0,7.788242098403391,385.8050000000002,5.416666666666667,32.15041666666666,0.0,0.0,0,0.0,1,0
649,1363385,2314,88,8,0,2,OK  ,1.0,1720.35,2.0,34.5,30.74318336162988,1030.98,3.018939393939394,89.12037878787879,1000.0,0.0,1,0.0,1,0
650,1362529,43829,43,3,0,1,KY  ,1.0,873.14,3.0,53.0,15.806604876604872,603.403333333333,5.333333333333333,52.470648148148115,0.0,0.0,0,0.0,1,0
651,1362508,9802,66,6,0,3,MO  ,1.0,255.11,3.0,73.0,7.9979588993382125,872.5066666666668,6.083333333333333,72.70888888888892,3000.0,0.0,1,1072.17,1,0
652,1362998,0,17,2,0,1,PA  ,0.0,0.0,1.0,57.0,5.164912280701752,294.39999999999986,4.75,24.53333333333333,0.0,0.0,0,0.0,1,0
653,1363242,4431,62,2,0,3,PA  ,0.0,0.0,1.0,99.0,6.23080808080808,616.8499999999999,9.9,61.68499999999999,0.0,0.0,0,0.0,0,1
654,1363467,29521,48,4,0,1,NY  ,0.0,0.0,2.0,86.5,21.96800846300846,2142.995,7.208333333333334,178.5829166666667,1500.0,0.0,1,1500.0,1,0
655,1363038,36605,40,0,1,4,OK  ,1.0,508.26,3.0,52.0,22.615585016835023,541.7266666666668,4.555555555555555,61.26675925925926,1800.0,0.0,1,1800.0,1,0
656,1363263,13269,50,0,1,2,NJ  ,0.0,0.0,1.0,76.0,16.03868421052631,1218.9399999999996,6.333333333333333,101.57833333333336,3000.0,0.0,1,1218.94,0,1
657,1362630,15864,66,6,0,1,CA  ,0.0,0.0,2.0,70.5,0.5693073593073645,787.4000000000003,7.125,53.21840909090909,0.0,0.0,0,0.0,1,0
658,1362855,2289,34,4,0,2,TX  ,1.0,161.04,2.0,65.0,4.2791365265558845,430.9500000000003,5.416666666666667,35.91250000000001,0.0,0.0,0,0.0,1,0
659,1363324,14795,36,6,1,4,CA  ,0.0,0.0,1.0,44.0,38.29227272727273,1684.8600000000001,3.6666666666666665,140.405,0.0,0.0,0,0.0,1,0
660,1362895,26387,56,6,1,2,NY  ,1.0,96.25,2.0,27.5,25.156435185185185,680.54,3.0952380952380953,95.02625000000002,1300.0,0.0,1,1300.0,0,1
661,1362569,61300,50,0,2,2,NM  ,0.0,0.0,2.0,63.5,168.73313852813854,5040.295000000001,6.125,693.8341071428571,9200.0,0.0,1,9200.0,0,1
662,1363364,15100,37,7,0,2,AL  ,0.0,0.0,2.0,87.0,4.880373737373737,486.12499999999994,7.625,44.26344696969695,0.0,0.0,0,0.0,1,0
663,1363303,17875,18,3,0,1,CA  ,0.0,0.0,2.0,80.0,22.08555969531379,1874.9949999999997,7.491666666666667,179.16616666666667,1000.0,0.0,1,1000.0,1,0
